INCONSISTENT: checked 1000 keys
  key user0:
    localhost:50051 found=true value="\x7f\x80\x81\x82\x83\x84\x85\x86\x87\x88\x89\x8a\x8b\x8c\x8d\x8e\x8f\x90\x91xyz{|}~\x7f\x80\x81\x82\x83\x84\x85\x86\x87\x88\x89\x8a\x8b\x8c\x8d\x8e\x8f\x90\x91xyz{|}~\x7f\x80\x81\x82\x83\x84\x85\x86\x87\x88\x89\x8a\x8b\x8c\x8d\x8e\x8f\x90\x91xyz{|}~\x7f\x80\x81\x82\x83\x84\x85\x86\x87\x88\x89\x8a\x8b\x8c\x8d\x8e\x8f\x90\x91xyz"
    localhost:50052 found=false value=""
    localhost:50053 found=false value=""
  key user1:
    localhost:50051 found=false value=""
    localhost:50052 found=false value=""
    localhost:50053 found=false value=""
  key user2:
    localhost:50051 found=false value=""
    localhost:50052 found=false value=""
    localhost:50053 found=false value=""
  key user3:
    localhost:50051 found=false value=""
    localhost:50052 found=false value=""
    localhost:50053 found=false value=""
  key user4:
    localhost:50051 found=false value=""
    localhost:50052 found=false value=""
    localhost:50053 found=false value=""
  key user5:
    localhost:50051 found=false value=""
    localhost:50052 found=false value=""
    localhost:50053 found=false value=""
  key user6:
    localhost:50051 found=false value=""
    localhost:50052 found=false value=""
    localhost:50053 found=false value=""
  key user7:
    localhost:50051 found=false value=""
    localhost:50052 found=false value=""
    localhost:50053 found=false value=""
  key user8:
    localhost:50051 found=false value=""
    localhost:50052 found=false value=""
    localhost:50053 found=false value=""
  key user9:
    localhost:50051 found=false value=""
    localhost:50052 found=false value=""
    localhost:50053 found=false value=""
  key user10:
    localhost:50051 found=false value=""
    localhost:50052 found=false value=""
    localhost:50053 found=false value=""
  key user11:
    localhost:50051 found=false value=""
    localhost:50052 found=false value=""
    localhost:50053 found=false value=""
  key user12:
    localhost:50051 found=false value=""
    localhost:50052 found=false value=""
    localhost:50053 found=false value=""
  key user13:
    localhost:50051 found=false value=""
    localhost:50052 found=false value=""
    localhost:50053 found=false value=""
  key user14:
    localhost:50051 found=false value=""
    localhost:50052 found=false value=""
    localhost:50053 found=false value=""
  key user15:
    localhost:50051 found=false value=""
    localhost:50052 found=false value=""
    localhost:50053 found=false value=""
  key user16:
    localhost:50051 found=false value=""
    localhost:50052 found=false value=""
    localhost:50053 found=false value=""
  key user17:
    localhost:50051 found=false value=""
    localhost:50052 found=false value=""
    localhost:50053 found=false value=""
  key user18:
    localhost:50051 found=false value=""
    localhost:50052 found=false value=""
    localhost:50053 found=false value=""
  key user19:
    localhost:50051 found=false value=""
    localhost:50052 found=false value=""
    localhost:50053 found=false value=""
  key user20:
    localhost:50051 found=false value=""
    localhost:50052 found=false value=""
    localhost:50053 found=false value=""
  key user21:
    localhost:50051 found=false value=""
    localhost:50052 found=false value=""
    localhost:50053 found=false value=""
  key user22:
    localhost:50051 found=false value=""
    localhost:50052 found=false value=""
    localhost:50053 found=false value=""
  key user23:
    localhost:50051 found=false value=""
    localhost:50052 found=false value=""
    localhost:50053 found=false value=""
  key user24:
    localhost:50051 found=false value=""
    localhost:50052 found=false value=""
    localhost:50053 found=false value=""
  key user25:
    localhost:50051 found=false value=""
    localhost:50052 found=false value=""
    localhost:50053 found=false value=""
  key user26:
    localhost:50051 found=false value=""
    localhost:50052 found=false value=""
    localhost:50053 found=false value=""
  key user27:
    localhost:50051 found=false value=""
    localhost:50052 found=false value=""
    localhost:50053 found=false value=""
  key user28:
    localhost:50051 found=false value=""
    localhost:50052 found=false value=""
    localhost:50053 found=false value=""
  key user29:
    localhost:50051 found=false value=""
    localhost:50052 found=false value=""
    localhost:50053 found=false value=""
  key user30:
    localhost:50051 found=false value=""
    localhost:50052 found=false value=""
    localhost:50053 found=false value=""
  key user31:
    localhost:50051 found=false value=""
    localhost:50052 found=false value=""
    localhost:50053 found=false value=""
  key user32:
    localhost:50051 found=false value=""
    localhost:50052 found=false value=""
    localhost:50053 found=false value=""
  key user33:
    localhost:50051 found=false value=""
    localhost:50052 found=false value=""
    localhost:50053 found=false value=""
  key user34:
    localhost:50051 found=false value=""
    localhost:50052 found=false value=""
    localhost:50053 found=false value=""
  key user35:
    localhost:50051 found=false value=""
    localhost:50052 found=false value=""
    localhost:50053 found=false value=""
  key user36:
    localhost:50051 found=false value=""
    localhost:50052 found=false value=""
    localhost:50053 found=false value=""
  key user37:
    localhost:50051 found=false value=""
    localhost:50052 found=false value=""
    localhost:50053 found=false value=""
  key user38:
    localhost:50051 found=false value=""
    localhost:50052 found=false value=""
    localhost:50053 found=false value=""
  key user39:
    localhost:50051 found=false value=""
    localhost:50052 found=false value=""
    localhost:50053 found=false value=""
  key user40:
    localhost:50051 found=false value=""
    localhost:50052 found=false value=""
    localhost:50053 found=false value=""
  key user41:
    localhost:50051 found=false value=""
    localhost:50052 found=false value=""
    localhost:50053 found=false value=""
  key user42:
    localhost:50051 found=false value=""
    localhost:50052 found=false value=""
    localhost:50053 found=false value=""
  key user43:
    localhost:50051 found=false value=""
    localhost:50052 found=false value=""
    localhost:50053 found=false value=""
  key user44:
    localhost:50051 found=false value=""
    localhost:50052 found=false value=""
    localhost:50053 found=false value=""
  key user45:
    localhost:50051 found=false value=""
    localhost:50052 found=false value=""
    localhost:50053 found=false value=""
  key user46:
    localhost:50051 found=false value=""
    localhost:50052 found=false value=""
    localhost:50053 found=false value=""
  key user47:
    localhost:50051 found=false value=""
    localhost:50052 found=false value=""
    localhost:50053 found=false value=""
  key user48:
    localhost:50051 found=false value=""
    localhost:50052 found=false value=""
    localhost:50053 found=false value=""
  key user49:
    localhost:50051 found=false value=""
    localhost:50052 found=false value=""
    localhost:50053 found=false value=""
  key user50:
    localhost:50051 found=false value=""
    localhost:50052 found=false value=""
    localhost:50053 found=false value=""
  key user51:
    localhost:50051 found=false value=""
    localhost:50052 found=false value=""
    localhost:50053 found=false value=""
  key user52:
    localhost:50051 found=false value=""
    localhost:50052 found=false value=""
    localhost:50053 found=false value=""
  key user53:
    localhost:50051 found=false value=""
    localhost:50052 found=false value=""
    localhost:50053 found=false value=""
  key user54:
    localhost:50051 found=false value=""
    localhost:50052 found=false value=""
    localhost:50053 found=false value=""
  key user55:
    localhost:50051 found=false value=""
    localhost:50052 found=false value=""
    localhost:50053 found=false value=""
  key user56:
    localhost:50051 found=false value=""
    localhost:50052 found=false value=""
    localhost:50053 found=false value=""
  key user57:
    localhost:50051 found=false value=""
    localhost:50052 found=false value=""
    localhost:50053 found=false value=""
  key user58:
    localhost:50051 found=false value=""
    localhost:50052 found=false value=""
    localhost:50053 found=false value=""
  key user59:
    localhost:50051 found=false value=""
    localhost:50052 found=false value=""
    localhost:50053 found=false value=""
  key user60:
    localhost:50051 found=false value=""
    localhost:50052 found=false value=""
    localhost:50053 found=false value=""
  key user61:
    localhost:50051 found=false value=""
    localhost:50052 found=false value=""
    localhost:50053 found=false value=""
  key user62:
    localhost:50051 found=false value=""
    localhost:50052 found=false value=""
    localhost:50053 found=false value=""
  key user63:
    localhost:50051 found=false value=""
    localhost:50052 found=false value=""
    localhost:50053 found=false value=""
  key user64:
    localhost:50051 found=false value=""
    localhost:50052 found=false value=""
    localhost:50053 found=false value=""
  key user65:
    localhost:50051 found=false value=""
    localhost:50052 found=false value=""
    localhost:50053 found=false value=""
  key user66:
    localhost:50051 found=false value=""
    localhost:50052 found=false value=""
    localhost:50053 found=false value=""
  key user67:
    localhost:50051 found=false value=""
    localhost:50052 found=false value=""
    localhost:50053 found=false value=""
  key user68:
    localhost:50051 found=false value=""
    localhost:50052 found=false value=""
    localhost:50053 found=false value=""
  key user69:
    localhost:50051 found=false value=""
    localhost:50052 found=false value=""
    localhost:50053 found=false value=""
  key user70:
    localhost:50051 found=false value=""
    localhost:50052 found=false value=""
    localhost:50053 found=false value=""
  key user71:
    localhost:50051 found=false value=""
    localhost:50052 found=false value=""
    localhost:50053 found=false value=""
  key user72:
    localhost:50051 found=false value=""
    localhost:50052 found=false value=""
    localhost:50053 found=false value=""
  key user73:
    localhost:50051 found=false value=""
    localhost:50052 found=false value=""
    localhost:50053 found=false value=""
  key user74:
    localhost:50051 found=false value=""
    localhost:50052 found=false value=""
    localhost:50053 found=false value=""
  key user75:
    localhost:50051 found=false value=""
    localhost:50052 found=false value=""
    localhost:50053 found=false value=""
  key user76:
    localhost:50051 found=false value=""
    localhost:50052 found=false value=""
    localhost:50053 found=false value=""
  key user77:
    localhost:50051 found=false value=""
    localhost:50052 found=false value=""
    localhost:50053 found=false value=""
  key user78:
    localhost:50051 found=false value=""
    localhost:50052 found=false value=""
    localhost:50053 found=false value=""
  key user79:
    localhost:50051 found=false value=""
    localhost:50052 found=false value=""
    localhost:50053 found=false value=""
  key user80:
    localhost:50051 found=false value=""
    localhost:50052 found=false value=""
    localhost:50053 found=false value=""
  key user81:
    localhost:50051 found=false value=""
    localhost:50052 found=false value=""
    localhost:50053 found=false value=""
  key user82:
    localhost:50051 found=false value=""
    localhost:50052 found=false value=""
    localhost:50053 found=false value=""
  key user83:
    localhost:50051 found=false value=""
    localhost:50052 found=false value=""
    localhost:50053 found=false value=""
  key user84:
    localhost:50051 found=false value=""
    localhost:50052 found=false value=""
    localhost:50053 found=false value=""
  key user85:
    localhost:50051 found=false value=""
    localhost:50052 found=false value=""
    localhost:50053 found=false value=""
  key user86:
    localhost:50051 found=false value=""
    localhost:50052 found=false value=""
    localhost:50053 found=false value=""
  key user87:
    localhost:50051 found=false value=""
    localhost:50052 found=false value=""
    localhost:50053 found=false value=""
  key user88:
    localhost:50051 found=false value=""
    localhost:50052 found=false value=""
    localhost:50053 found=false value=""
  key user89:
    localhost:50051 found=false value=""
    localhost:50052 found=false value=""
    localhost:50053 found=false value=""
  key user90:
    localhost:50051 found=false value=""
    localhost:50052 found=false value=""
    localhost:50053 found=false value=""
  key user91:
    localhost:50051 found=false value=""
    localhost:50052 found=false value=""
    localhost:50053 found=false value=""
  key user92:
    localhost:50051 found=false value=""
    localhost:50052 found=false value=""
    localhost:50053 found=false value=""
  key user93:
    localhost:50051 found=false value=""
    localhost:50052 found=false value=""
    localhost:50053 found=false value=""
  key user94:
    localhost:50051 found=false value=""
    localhost:50052 found=false value=""
    localhost:50053 found=false value=""
  key user95:
    localhost:50051 found=false value=""
    localhost:50052 found=false value=""
    localhost:50053 found=false value=""
  key user96:
    localhost:50051 found=false value=""
    localhost:50052 found=false value=""
    localhost:50053 found=false value=""
  key user97:
    localhost:50051 found=false value=""
    localhost:50052 found=false value=""
    localhost:50053 found=false value=""
  key user98:
    localhost:50051 found=false value=""
    localhost:50052 found=false value=""
    localhost:50053 found=false value=""
  key user99:
    localhost:50051 found=false value=""
    localhost:50052 found=false value=""
    localhost:50053 found=false value=""
  key user100:
    localhost:50051 found=false value=""
    localhost:50052 found=false value=""
    localhost:50053 found=false value=""
  key user101:
    localhost:50051 found=false value=""
    localhost:50052 found=false value=""
    localhost:50053 found=false value=""
  key user102:
    localhost:50051 found=false value=""
    localhost:50052 found=false value=""
    localhost:50053 found=false value=""
  key user103:
    localhost:50051 found=false value=""
    localhost:50052 found=false value=""
    localhost:50053 found=false value=""
  key user104:
    localhost:50051 found=false value=""
    localhost:50052 found=false value=""
    localhost:50053 found=false value=""
  key user105:
    localhost:50051 found=false value=""
    localhost:50052 found=false value=""
    localhost:50053 found=false value=""
  key user106:
    localhost:50051 found=false value=""
    localhost:50052 found=false value=""
    localhost:50053 found=false value=""
  key user107:
    localhost:50051 found=false value=""
    localhost:50052 found=false value=""
    localhost:50053 found=false value=""
  key user108:
    localhost:50051 found=false value=""
    localhost:50052 found=false value=""
    localhost:50053 found=false value=""
  key user109:
    localhost:50051 found=false value=""
    localhost:50052 found=false value=""
    localhost:50053 found=false value=""
  key user110:
    localhost:50051 found=false value=""
    localhost:50052 found=false value=""
    localhost:50053 found=false value=""
  key user111:
    localhost:50051 found=false value=""
    localhost:50052 found=false value=""
    localhost:50053 found=false value=""
  key user112:
    localhost:50051 found=false value=""
    localhost:50052 found=false value=""
    localhost:50053 found=false value=""
  key user113:
    localhost:50051 found=false value=""
    localhost:50052 found=false value=""
    localhost:50053 found=false value=""
  key user114:
    localhost:50051 found=false value=""
    localhost:50052 found=false value=""
    localhost:50053 found=false value=""
  key user115:
    localhost:50051 found=false value=""
    localhost:50052 found=false value=""
    localhost:50053 found=false value=""
  key user116:
    localhost:50051 found=false value=""
    localhost:50052 found=false value=""
    localhost:50053 found=false value=""
  key user117:
    localhost:50051 found=false value=""
    localhost:50052 found=false value=""
    localhost:50053 found=false value=""
  key user118:
    localhost:50051 found=false value=""
    localhost:50052 found=false value=""
    localhost:50053 found=false value=""
  key user119:
    localhost:50051 found=false value=""
    localhost:50052 found=false value=""
    localhost:50053 found=false value=""
  key user120:
    localhost:50051 found=false value=""
    localhost:50052 found=false value=""
    localhost:50053 found=false value=""
  key user121:
    localhost:50051 found=false value=""
    localhost:50052 found=false value=""
    localhost:50053 found=false value=""
  key user122:
    localhost:50051 found=false value=""
    localhost:50052 found=false value=""
    localhost:50053 found=false value=""
  key user123:
    localhost:50051 found=false value=""
    localhost:50052 found=false value=""
    localhost:50053 found=false value=""
  key user124:
    localhost:50051 found=false value=""
    localhost:50052 found=false value=""
    localhost:50053 found=false value=""
  key user125:
    localhost:50051 found=false value=""
    localhost:50052 found=false value=""
    localhost:50053 found=false value=""
  key user126:
    localhost:50051 found=false value=""
    localhost:50052 found=false value=""
    localhost:50053 found=false value=""
  key user127:
    localhost:50051 found=false value=""
    localhost:50052 found=false value=""
    localhost:50053 found=false value=""
  key user128:
    localhost:50051 found=false value=""
    localhost:50052 found=false value=""
    localhost:50053 found=false value=""
  key user129:
    localhost:50051 found=false value=""
    localhost:50052 found=false value=""
    localhost:50053 found=false value=""
  key user130:
    localhost:50051 found=false value=""
    localhost:50052 found=false value=""
    localhost:50053 found=false value=""
  key user131:
    localhost:50051 found=false value=""
    localhost:50052 found=false value=""
    localhost:50053 found=false value=""
  key user132:
    localhost:50051 found=false value=""
    localhost:50052 found=false value=""
    localhost:50053 found=false value=""
  key user133:
    localhost:50051 found=false value=""
    localhost:50052 found=false value=""
    localhost:50053 found=false value=""
  key user134:
    localhost:50051 found=false value=""
    localhost:50052 found=false value=""
    localhost:50053 found=false value=""
  key user135:
    localhost:50051 found=false value=""
    localhost:50052 found=false value=""
    localhost:50053 found=false value=""
  key user136:
    localhost:50051 found=false value=""
    localhost:50052 found=false value=""
    localhost:50053 found=false value=""
  key user137:
    localhost:50051 found=false value=""
    localhost:50052 found=false value=""
    localhost:50053 found=false value=""
  key user138:
    localhost:50051 found=false value=""
    localhost:50052 found=false value=""
    localhost:50053 found=false value=""
  key user139:
    localhost:50051 found=false value=""
    localhost:50052 found=false value=""
    localhost:50053 found=false value=""
  key user140:
    localhost:50051 found=false value=""
    localhost:50052 found=false value=""
    localhost:50053 found=false value=""
  key user141:
    localhost:50051 found=false value=""
    localhost:50052 found=false value=""
    localhost:50053 found=false value=""
  key user142:
    localhost:50051 found=false value=""
    localhost:50052 found=false value=""
    localhost:50053 found=false value=""
  key user143:
    localhost:50051 found=false value=""
    localhost:50052 found=false value=""
    localhost:50053 found=false value=""
  key user144:
    localhost:50051 found=false value=""
    localhost:50052 found=false value=""
    localhost:50053 found=false value=""
  key user145:
    localhost:50051 found=false value=""
    localhost:50052 found=false value=""
    localhost:50053 found=false value=""
  key user146:
    localhost:50051 found=false value=""
    localhost:50052 found=false value=""
    localhost:50053 found=false value=""
  key user147:
    localhost:50051 found=false value=""
    localhost:50052 found=false value=""
    localhost:50053 found=false value=""
  key user148:
    localhost:50051 found=false value=""
    localhost:50052 found=false value=""
    localhost:50053 found=false value=""
  key user149:
    localhost:50051 found=false value=""
    localhost:50052 found=false value=""
    localhost:50053 found=false value=""
  key user150:
    localhost:50051 found=false value=""
    localhost:50052 found=false value=""
    localhost:50053 found=false value=""
  key user151:
    localhost:50051 found=false value=""
    localhost:50052 found=false value=""
    localhost:50053 found=false value=""
  key user152:
    localhost:50051 found=false value=""
    localhost:50052 found=false value=""
    localhost:50053 found=false value=""
  key user153:
    localhost:50051 found=false value=""
    localhost:50052 found=false value=""
    localhost:50053 found=false value=""
  key user154:
    localhost:50051 found=false value=""
    localhost:50052 found=false value=""
    localhost:50053 found=false value=""
  key user155:
    localhost:50051 found=false value=""
    localhost:50052 found=false value=""
    localhost:50053 found=false value=""
  key user156:
    localhost:50051 found=false value=""
    localhost:50052 found=false value=""
    localhost:50053 found=false value=""
  key user157:
    localhost:50051 found=false value=""
    localhost:50052 found=false value=""
    localhost:50053 found=false value=""
  key user158:
    localhost:50051 found=false value=""
    localhost:50052 found=false value=""
    localhost:50053 found=false value=""
  key user159:
    localhost:50051 found=false value=""
    localhost:50052 found=false value=""
    localhost:50053 found=false value=""
  key user160:
    localhost:50051 found=false value=""
    localhost:50052 found=false value=""
    localhost:50053 found=false value=""
  key user161:
    localhost:50051 found=false value=""
    localhost:50052 found=false value=""
    localhost:50053 found=false value=""
  key user162:
    localhost:50051 found=false value=""
    localhost:50052 found=false value=""
    localhost:50053 found=false value=""
  key user163:
    localhost:50051 found=false value=""
    localhost:50052 found=false value=""
    localhost:50053 found=false value=""
  key user164:
    localhost:50051 found=false value=""
    localhost:50052 found=false value=""
    localhost:50053 found=false value=""
  key user165:
    localhost:50051 found=false value=""
    localhost:50052 found=false value=""
    localhost:50053 found=false value=""
  key user166:
    localhost:50051 found=false value=""
    localhost:50052 found=false value=""
    localhost:50053 found=false value=""
  key user167:
    localhost:50051 found=false value=""
    localhost:50052 found=false value=""
    localhost:50053 found=false value=""
  key user168:
    localhost:50051 found=false value=""
    localhost:50052 found=false value=""
    localhost:50053 found=false value=""
  key user169:
    localhost:50051 found=false value=""
    localhost:50052 found=false value=""
    localhost:50053 found=false value=""
  key user170:
    localhost:50051 found=false value=""
    localhost:50052 found=false value=""
    localhost:50053 found=false value=""
  key user171:
    localhost:50051 found=false value=""
    localhost:50052 found=false value=""
    localhost:50053 found=false value=""
  key user172:
    localhost:50051 found=false value=""
    localhost:50052 found=false value=""
    localhost:50053 found=false value=""
  key user173:
    localhost:50051 found=false value=""
    localhost:50052 found=false value=""
    localhost:50053 found=false value=""
  key user174:
    localhost:50051 found=false value=""
    localhost:50052 found=false value=""
    localhost:50053 found=false value=""
  key user175:
    localhost:50051 found=false value=""
    localhost:50052 found=false value=""
    localhost:50053 found=false value=""
  key user176:
    localhost:50051 found=false value=""
    localhost:50052 found=false value=""
    localhost:50053 found=false value=""
  key user177:
    localhost:50051 found=false value=""
    localhost:50052 found=false value=""
    localhost:50053 found=false value=""
  key user178:
    localhost:50051 found=false value=""
    localhost:50052 found=false value=""
    localhost:50053 found=false value=""
  key user179:
    localhost:50051 found=false value=""
    localhost:50052 found=false value=""
    localhost:50053 found=false value=""
  key user180:
    localhost:50051 found=false value=""
    localhost:50052 found=false value=""
    localhost:50053 found=false value=""
  key user181:
    localhost:50051 found=false value=""
    localhost:50052 found=false value=""
    localhost:50053 found=false value=""
  key user182:
    localhost:50051 found=false value=""
    localhost:50052 found=false value=""
    localhost:50053 found=false value=""
  key user183:
    localhost:50051 found=false value=""
    localhost:50052 found=false value=""
    localhost:50053 found=false value=""
  key user184:
    localhost:50051 found=false value=""
    localhost:50052 found=false value=""
    localhost:50053 found=false value=""
  key user185:
    localhost:50051 found=false value=""
    localhost:50052 found=false value=""
    localhost:50053 found=false value=""
  key user186:
    localhost:50051 found=false value=""
    localhost:50052 found=false value=""
    localhost:50053 found=false value=""
  key user187:
    localhost:50051 found=false value=""
    localhost:50052 found=false value=""
    localhost:50053 found=false value=""
  key user188:
    localhost:50051 found=false value=""
    localhost:50052 found=false value=""
    localhost:50053 found=false value=""
  key user189:
    localhost:50051 found=false value=""
    localhost:50052 found=false value=""
    localhost:50053 found=false value=""
  key user190:
    localhost:50051 found=false value=""
    localhost:50052 found=false value=""
    localhost:50053 found=false value=""
  key user191:
    localhost:50051 found=false value=""
    localhost:50052 found=false value=""
    localhost:50053 found=false value=""
  key user192:
    localhost:50051 found=false value=""
    localhost:50052 found=false value=""
    localhost:50053 found=false value=""
  key user193:
    localhost:50051 found=false value=""
    localhost:50052 found=false value=""
    localhost:50053 found=false value=""
  key user194:
    localhost:50051 found=false value=""
    localhost:50052 found=false value=""
    localhost:50053 found=false value=""
  key user195:
    localhost:50051 found=false value=""
    localhost:50052 found=false value=""
    localhost:50053 found=false value=""
  key user196:
    localhost:50051 found=false value=""
    localhost:50052 found=false value=""
    localhost:50053 found=false value=""
  key user197:
    localhost:50051 found=false value=""
    localhost:50052 found=false value=""
    localhost:50053 found=false value=""
  key user198:
    localhost:50051 found=false value=""
    localhost:50052 found=false value=""
    localhost:50053 found=false value=""
  key user199:
    localhost:50051 found=false value=""
    localhost:50052 found=false value=""
    localhost:50053 found=false value=""
  key user200:
    localhost:50051 found=false value=""
    localhost:50052 found=false value=""
    localhost:50053 found=false value=""
  key user201:
    localhost:50051 found=false value=""
    localhost:50052 found=false value=""
    localhost:50053 found=false value=""
  key user202:
    localhost:50051 found=false value=""
    localhost:50052 found=false value=""
    localhost:50053 found=false value=""
  key user203:
    localhost:50051 found=false value=""
    localhost:50052 found=false value=""
    localhost:50053 found=false value=""
  key user204:
    localhost:50051 found=false value=""
    localhost:50052 found=false value=""
    localhost:50053 found=false value=""
  key user205:
    localhost:50051 found=false value=""
    localhost:50052 found=false value=""
    localhost:50053 found=false value=""
  key user206:
    localhost:50051 found=false value=""
    localhost:50052 found=false value=""
    localhost:50053 found=false value=""
  key user207:
    localhost:50051 found=false value=""
    localhost:50052 found=false value=""
    localhost:50053 found=false value=""
  key user208:
    localhost:50051 found=false value=""
    localhost:50052 found=false value=""
    localhost:50053 found=false value=""
  key user209:
    localhost:50051 found=false value=""
    localhost:50052 found=false value=""
    localhost:50053 found=false value=""
  key user210:
    localhost:50051 found=false value=""
    localhost:50052 found=false value=""
    localhost:50053 found=false value=""
  key user211:
    localhost:50051 found=false value=""
    localhost:50052 found=false value=""
    localhost:50053 found=false value=""
  key user212:
    localhost:50051 found=false value=""
    localhost:50052 found=false value=""
    localhost:50053 found=false value=""
  key user213:
    localhost:50051 found=false value=""
    localhost:50052 found=false value=""
    localhost:50053 found=false value=""
  key user214:
    localhost:50051 found=false value=""
    localhost:50052 found=false value=""
    localhost:50053 found=false value=""
  key user215:
    localhost:50051 found=false value=""
    localhost:50052 found=false value=""
    localhost:50053 found=false value=""
  key user216:
    localhost:50051 found=false value=""
    localhost:50052 found=false value=""
    localhost:50053 found=false value=""
  key user217:
    localhost:50051 found=false value=""
    localhost:50052 found=false value=""
    localhost:50053 found=false value=""
  key user218:
    localhost:50051 found=false value=""
    localhost:50052 found=false value=""
    localhost:50053 found=false value=""
  key user219:
    localhost:50051 found=false value=""
    localhost:50052 found=false value=""
    localhost:50053 found=false value=""
  key user220:
    localhost:50051 found=false value=""
    localhost:50052 found=false value=""
    localhost:50053 found=false value=""
  key user221:
    localhost:50051 found=false value=""
    localhost:50052 found=false value=""
    localhost:50053 found=false value=""
  key user222:
    localhost:50051 found=false value=""
    localhost:50052 found=false value=""
    localhost:50053 found=false value=""
  key user223:
    localhost:50051 found=false value=""
    localhost:50052 found=false value=""
    localhost:50053 found=false value=""
  key user224:
    localhost:50051 found=false value=""
    localhost:50052 found=false value=""
    localhost:50053 found=false value=""
  key user225:
    localhost:50051 found=false value=""
    localhost:50052 found=false value=""
    localhost:50053 found=false value=""
  key user226:
    localhost:50051 found=false value=""
    localhost:50052 found=false value=""
    localhost:50053 found=false value=""
  key user227:
    localhost:50051 found=false value=""
    localhost:50052 found=false value=""
    localhost:50053 found=false value=""
  key user228:
    localhost:50051 found=false value=""
    localhost:50052 found=false value=""
    localhost:50053 found=false value=""
  key user229:
    localhost:50051 found=false value=""
    localhost:50052 found=false value=""
    localhost:50053 found=false value=""
  key user230:
    localhost:50051 found=false value=""
    localhost:50052 found=false value=""
    localhost:50053 found=false value=""
  key user231:
    localhost:50051 found=false value=""
    localhost:50052 found=false value=""
    localhost:50053 found=false value=""
  key user232:
    localhost:50051 found=false value=""
    localhost:50052 found=false value=""
    localhost:50053 found=false value=""
  key user233:
    localhost:50051 found=false value=""
    localhost:50052 found=false value=""
    localhost:50053 found=false value=""
  key user234:
    localhost:50051 found=false value=""
    localhost:50052 found=false value=""
    localhost:50053 found=false value=""
  key user235:
    localhost:50051 found=false value=""
    localhost:50052 found=false value=""
    localhost:50053 found=false value=""
  key user236:
    localhost:50051 found=false value=""
    localhost:50052 found=false value=""
    localhost:50053 found=false value=""
  key user237:
    localhost:50051 found=false value=""
    localhost:50052 found=false value=""
    localhost:50053 found=false value=""
  key user238:
    localhost:50051 found=false value=""
    localhost:50052 found=false value=""
    localhost:50053 found=false value=""
  key user239:
    localhost:50051 found=false value=""
    localhost:50052 found=false value=""
    localhost:50053 found=false value=""
  key user240:
    localhost:50051 found=false value=""
    localhost:50052 found=false value=""
    localhost:50053 found=false value=""
  key user241:
    localhost:50051 found=false value=""
    localhost:50052 found=false value=""
    localhost:50053 found=false value=""
  key user242:
    localhost:50051 found=false value=""
    localhost:50052 found=false value=""
    localhost:50053 found=false value=""
  key user243:
    localhost:50051 found=false value=""
    localhost:50052 found=false value=""
    localhost:50053 found=false value=""
  key user244:
    localhost:50051 found=false value=""
    localhost:50052 found=false value=""
    localhost:50053 found=false value=""
  key user245:
    localhost:50051 found=false value=""
    localhost:50052 found=false value=""
    localhost:50053 found=false value=""
  key user246:
    localhost:50051 found=false value=""
    localhost:50052 found=false value=""
    localhost:50053 found=false value=""
  key user247:
    localhost:50051 found=false value=""
    localhost:50052 found=false value=""
    localhost:50053 found=false value=""
  key user248:
    localhost:50051 found=false value=""
    localhost:50052 found=false value=""
    localhost:50053 found=false value=""
  key user249:
    localhost:50051 found=false value=""
    localhost:50052 found=false value=""
    localhost:50053 found=false value=""
  key user250:
    localhost:50051 found=false value=""
    localhost:50052 found=false value=""
    localhost:50053 found=false value=""
  key user251:
    localhost:50051 found=false value=""
    localhost:50052 found=false value=""
    localhost:50053 found=false value=""
  key user252:
    localhost:50051 found=false value=""
    localhost:50052 found=false value=""
    localhost:50053 found=false value=""
  key user253:
    localhost:50051 found=false value=""
    localhost:50052 found=false value=""
    localhost:50053 found=false value=""
  key user254:
    localhost:50051 found=false value=""
    localhost:50052 found=false value=""
    localhost:50053 found=false value=""
  key user255:
    localhost:50051 found=false value=""
    localhost:50052 found=false value=""
    localhost:50053 found=false value=""
  key user256:
    localhost:50051 found=false value=""
    localhost:50052 found=false value=""
    localhost:50053 found=false value=""
  key user257:
    localhost:50051 found=false value=""
    localhost:50052 found=false value=""
    localhost:50053 found=false value=""
  key user258:
    localhost:50051 found=false value=""
    localhost:50052 found=false value=""
    localhost:50053 found=false value=""
  key user259:
    localhost:50051 found=false value=""
    localhost:50052 found=false value=""
    localhost:50053 found=false value=""
  key user260:
    localhost:50051 found=false value=""
    localhost:50052 found=false value=""
    localhost:50053 found=false value=""
  key user261:
    localhost:50051 found=false value=""
    localhost:50052 found=false value=""
    localhost:50053 found=false value=""
  key user262:
    localhost:50051 found=false value=""
    localhost:50052 found=false value=""
    localhost:50053 found=false value=""
  key user263:
    localhost:50051 found=false value=""
    localhost:50052 found=false value=""
    localhost:50053 found=false value=""
  key user264:
    localhost:50051 found=false value=""
    localhost:50052 found=false value=""
    localhost:50053 found=false value=""
  key user265:
    localhost:50051 found=false value=""
    localhost:50052 found=false value=""
    localhost:50053 found=false value=""
  key user266:
    localhost:50051 found=false value=""
    localhost:50052 found=false value=""
    localhost:50053 found=false value=""
  key user267:
    localhost:50051 found=false value=""
    localhost:50052 found=false value=""
    localhost:50053 found=false value=""
  key user268:
    localhost:50051 found=false value=""
    localhost:50052 found=false value=""
    localhost:50053 found=false value=""
  key user269:
    localhost:50051 found=false value=""
    localhost:50052 found=false value=""
    localhost:50053 found=false value=""
  key user270:
    localhost:50051 found=false value=""
    localhost:50052 found=false value=""
    localhost:50053 found=false value=""
  key user271:
    localhost:50051 found=false value=""
    localhost:50052 found=false value=""
    localhost:50053 found=false value=""
  key user272:
    localhost:50051 found=false value=""
    localhost:50052 found=false value=""
    localhost:50053 found=false value=""
  key user273:
    localhost:50051 found=false value=""
    localhost:50052 found=false value=""
    localhost:50053 found=false value=""
  key user274:
    localhost:50051 found=false value=""
    localhost:50052 found=false value=""
    localhost:50053 found=false value=""
  key user275:
    localhost:50051 found=false value=""
    localhost:50052 found=false value=""
    localhost:50053 found=false value=""
  key user276:
    localhost:50051 found=false value=""
    localhost:50052 found=false value=""
    localhost:50053 found=false value=""
  key user277:
    localhost:50051 found=false value=""
    localhost:50052 found=false value=""
    localhost:50053 found=false value=""
  key user278:
    localhost:50051 found=false value=""
    localhost:50052 found=false value=""
    localhost:50053 found=false value=""
  key user279:
    localhost:50051 found=false value=""
    localhost:50052 found=false value=""
    localhost:50053 found=false value=""
  key user280:
    localhost:50051 found=false value=""
    localhost:50052 found=false value=""
    localhost:50053 found=false value=""
  key user281:
    localhost:50051 found=false value=""
    localhost:50052 found=false value=""
    localhost:50053 found=false value=""
  key user282:
    localhost:50051 found=false value=""
    localhost:50052 found=false value=""
    localhost:50053 found=false value=""
  key user283:
    localhost:50051 found=false value=""
    localhost:50052 found=false value=""
    localhost:50053 found=false value=""
  key user284:
    localhost:50051 found=false value=""
    localhost:50052 found=false value=""
    localhost:50053 found=false value=""
  key user285:
    localhost:50051 found=false value=""
    localhost:50052 found=false value=""
    localhost:50053 found=false value=""
  key user286:
    localhost:50051 found=false value=""
    localhost:50052 found=false value=""
    localhost:50053 found=false value=""
  key user287:
    localhost:50051 found=false value=""
    localhost:50052 found=false value=""
    localhost:50053 found=false value=""
  key user288:
    localhost:50051 found=false value=""
    localhost:50052 found=false value=""
    localhost:50053 found=false value=""
  key user289:
    localhost:50051 found=false value=""
    localhost:50052 found=false value=""
    localhost:50053 found=false value=""
  key user290:
    localhost:50051 found=false value=""
    localhost:50052 found=false value=""
    localhost:50053 found=false value=""
  key user291:
    localhost:50051 found=false value=""
    localhost:50052 found=false value=""
    localhost:50053 found=false value=""
  key user292:
    localhost:50051 found=false value=""
    localhost:50052 found=false value=""
    localhost:50053 found=false value=""
  key user293:
    localhost:50051 found=false value=""
    localhost:50052 found=false value=""
    localhost:50053 found=false value=""
  key user294:
    localhost:50051 found=false value=""
    localhost:50052 found=false value=""
    localhost:50053 found=false value=""
  key user295:
    localhost:50051 found=false value=""
    localhost:50052 found=false value=""
    localhost:50053 found=false value=""
  key user296:
    localhost:50051 found=false value=""
    localhost:50052 found=false value=""
    localhost:50053 found=false value=""
  key user297:
    localhost:50051 found=false value=""
    localhost:50052 found=false value=""
    localhost:50053 found=false value=""
  key user298:
    localhost:50051 found=false value=""
    localhost:50052 found=false value=""
    localhost:50053 found=false value=""
  key user299:
    localhost:50051 found=false value=""
    localhost:50052 found=false value=""
    localhost:50053 found=false value=""
  key user300:
    localhost:50051 found=false value=""
    localhost:50052 found=false value=""
    localhost:50053 found=false value=""
  key user301:
    localhost:50051 found=false value=""
    localhost:50052 found=false value=""
    localhost:50053 found=false value=""
  key user302:
    localhost:50051 found=false value=""
    localhost:50052 found=false value=""
    localhost:50053 found=false value=""
  key user303:
    localhost:50051 found=false value=""
    localhost:50052 found=false value=""
    localhost:50053 found=false value=""
  key user304:
    localhost:50051 found=false value=""
    localhost:50052 found=false value=""
    localhost:50053 found=false value=""
  key user305:
    localhost:50051 found=false value=""
    localhost:50052 found=false value=""
    localhost:50053 found=false value=""
  key user306:
    localhost:50051 found=false value=""
    localhost:50052 found=false value=""
    localhost:50053 found=false value=""
  key user307:
    localhost:50051 found=false value=""
    localhost:50052 found=false value=""
    localhost:50053 found=false value=""
  key user308:
    localhost:50051 found=false value=""
    localhost:50052 found=false value=""
    localhost:50053 found=false value=""
  key user309:
    localhost:50051 found=false value=""
    localhost:50052 found=false value=""
    localhost:50053 found=false value=""
  key user310:
    localhost:50051 found=false value=""
    localhost:50052 found=false value=""
    localhost:50053 found=false value=""
  key user311:
    localhost:50051 found=false value=""
    localhost:50052 found=false value=""
    localhost:50053 found=false value=""
  key user312:
    localhost:50051 found=false value=""
    localhost:50052 found=false value=""
    localhost:50053 found=false value=""
  key user313:
    localhost:50051 found=false value=""
    localhost:50052 found=false value=""
    localhost:50053 found=false value=""
  key user314:
    localhost:50051 found=false value=""
    localhost:50052 found=false value=""
    localhost:50053 found=false value=""
  key user315:
    localhost:50051 found=false value=""
    localhost:50052 found=false value=""
    localhost:50053 found=false value=""
  key user316:
    localhost:50051 found=false value=""
    localhost:50052 found=false value=""
    localhost:50053 found=false value=""
  key user317:
    localhost:50051 found=false value=""
    localhost:50052 found=false value=""
    localhost:50053 found=false value=""
  key user318:
    localhost:50051 found=false value=""
    localhost:50052 found=false value=""
    localhost:50053 found=false value=""
  key user319:
    localhost:50051 found=false value=""
    localhost:50052 found=false value=""
    localhost:50053 found=false value=""
  key user320:
    localhost:50051 found=false value=""
    localhost:50052 found=false value=""
    localhost:50053 found=false value=""
  key user321:
    localhost:50051 found=false value=""
    localhost:50052 found=false value=""
    localhost:50053 found=false value=""
  key user322:
    localhost:50051 found=false value=""
    localhost:50052 found=false value=""
    localhost:50053 found=false value=""
  key user323:
    localhost:50051 found=false value=""
    localhost:50052 found=false value=""
    localhost:50053 found=false value=""
  key user324:
    localhost:50051 found=false value=""
    localhost:50052 found=false value=""
    localhost:50053 found=false value=""
  key user325:
    localhost:50051 found=false value=""
    localhost:50052 found=false value=""
    localhost:50053 found=false value=""
  key user326:
    localhost:50051 found=false value=""
    localhost:50052 found=false value=""
    localhost:50053 found=false value=""
  key user327:
    localhost:50051 found=false value=""
    localhost:50052 found=false value=""
    localhost:50053 found=false value=""
  key user328:
    localhost:50051 found=false value=""
    localhost:50052 found=false value=""
    localhost:50053 found=false value=""
  key user329:
    localhost:50051 found=false value=""
    localhost:50052 found=false value=""
    localhost:50053 found=false value=""
  key user330:
    localhost:50051 found=false value=""
    localhost:50052 found=false value=""
    localhost:50053 found=false value=""
  key user331:
    localhost:50051 found=false value=""
    localhost:50052 found=false value=""
    localhost:50053 found=false value=""
  key user332:
    localhost:50051 found=false value=""
    localhost:50052 found=false value=""
    localhost:50053 found=false value=""
  key user333:
    localhost:50051 found=false value=""
    localhost:50052 found=false value=""
    localhost:50053 found=false value=""
  key user334:
    localhost:50051 found=false value=""
    localhost:50052 found=false value=""
    localhost:50053 found=false value=""
  key user335:
    localhost:50051 found=false value=""
    localhost:50052 found=false value=""
    localhost:50053 found=false value=""
  key user336:
    localhost:50051 found=false value=""
    localhost:50052 found=false value=""
    localhost:50053 found=false value=""
  key user337:
    localhost:50051 found=false value=""
    localhost:50052 found=false value=""
    localhost:50053 found=false value=""
  key user338:
    localhost:50051 found=false value=""
    localhost:50052 found=false value=""
    localhost:50053 found=false value=""
  key user339:
    localhost:50051 found=false value=""
    localhost:50052 found=false value=""
    localhost:50053 found=false value=""
  key user340:
    localhost:50051 found=false value=""
    localhost:50052 found=false value=""
    localhost:50053 found=false value=""
  key user341:
    localhost:50051 found=false value=""
    localhost:50052 found=false value=""
    localhost:50053 found=false value=""
  key user342:
    localhost:50051 found=false value=""
    localhost:50052 found=false value=""
    localhost:50053 found=false value=""
  key user343:
    localhost:50051 found=false value=""
    localhost:50052 found=false value=""
    localhost:50053 found=false value=""
  key user344:
    localhost:50051 found=false value=""
    localhost:50052 found=false value=""
    localhost:50053 found=false value=""
  key user345:
    localhost:50051 found=false value=""
    localhost:50052 found=false value=""
    localhost:50053 found=false value=""
  key user346:
    localhost:50051 found=false value=""
    localhost:50052 found=false value=""
    localhost:50053 found=false value=""
  key user347:
    localhost:50051 found=false value=""
    localhost:50052 found=false value=""
    localhost:50053 found=false value=""
  key user348:
    localhost:50051 found=false value=""
    localhost:50052 found=false value=""
    localhost:50053 found=false value=""
  key user349:
    localhost:50051 found=false value=""
    localhost:50052 found=false value=""
    localhost:50053 found=false value=""
  key user350:
    localhost:50051 found=false value=""
    localhost:50052 found=false value=""
    localhost:50053 found=false value=""
  key user351:
    localhost:50051 found=false value=""
    localhost:50052 found=false value=""
    localhost:50053 found=false value=""
  key user352:
    localhost:50051 found=false value=""
    localhost:50052 found=false value=""
    localhost:50053 found=false value=""
  key user353:
    localhost:50051 found=false value=""
    localhost:50052 found=false value=""
    localhost:50053 found=false value=""
  key user354:
    localhost:50051 found=false value=""
    localhost:50052 found=false value=""
    localhost:50053 found=false value=""
  key user355:
    localhost:50051 found=false value=""
    localhost:50052 found=false value=""
    localhost:50053 found=false value=""
  key user356:
    localhost:50051 found=false value=""
    localhost:50052 found=false value=""
    localhost:50053 found=false value=""
  key user357:
    localhost:50051 found=false value=""
    localhost:50052 found=false value=""
    localhost:50053 found=false value=""
  key user358:
    localhost:50051 found=false value=""
    localhost:50052 found=false value=""
    localhost:50053 found=false value=""
  key user359:
    localhost:50051 found=false value=""
    localhost:50052 found=false value=""
    localhost:50053 found=false value=""
  key user360:
    localhost:50051 found=false value=""
    localhost:50052 found=false value=""
    localhost:50053 found=false value=""
  key user361:
    localhost:50051 found=false value=""
    localhost:50052 found=false value=""
    localhost:50053 found=false value=""
  key user362:
    localhost:50051 found=false value=""
    localhost:50052 found=false value=""
    localhost:50053 found=false value=""
  key user363:
    localhost:50051 found=false value=""
    localhost:50052 found=false value=""
    localhost:50053 found=false value=""
  key user364:
    localhost:50051 found=false value=""
    localhost:50052 found=false value=""
    localhost:50053 found=false value=""
  key user365:
    localhost:50051 found=false value=""
    localhost:50052 found=false value=""
    localhost:50053 found=false value=""
  key user366:
    localhost:50051 found=false value=""
    localhost:50052 found=false value=""
    localhost:50053 found=false value=""
  key user367:
    localhost:50051 found=false value=""
    localhost:50052 found=false value=""
    localhost:50053 found=false value=""
  key user368:
    localhost:50051 found=false value=""
    localhost:50052 found=false value=""
    localhost:50053 found=false value=""
  key user369:
    localhost:50051 found=false value=""
    localhost:50052 found=false value=""
    localhost:50053 found=false value=""
  key user370:
    localhost:50051 found=false value=""
    localhost:50052 found=false value=""
    localhost:50053 found=false value=""
  key user371:
    localhost:50051 found=false value=""
    localhost:50052 found=false value=""
    localhost:50053 found=false value=""
  key user372:
    localhost:50051 found=false value=""
    localhost:50052 found=false value=""
    localhost:50053 found=false value=""
  key user373:
    localhost:50051 found=false value=""
    localhost:50052 found=false value=""
    localhost:50053 found=false value=""
  key user374:
    localhost:50051 found=false value=""
    localhost:50052 found=false value=""
    localhost:50053 found=false value=""
  key user375:
    localhost:50051 found=false value=""
    localhost:50052 found=false value=""
    localhost:50053 found=false value=""
  key user376:
    localhost:50051 found=false value=""
    localhost:50052 found=false value=""
    localhost:50053 found=false value=""
  key user377:
    localhost:50051 found=false value=""
    localhost:50052 found=false value=""
    localhost:50053 found=false value=""
  key user378:
    localhost:50051 found=false value=""
    localhost:50052 found=false value=""
    localhost:50053 found=false value=""
  key user379:
    localhost:50051 found=false value=""
    localhost:50052 found=false value=""
    localhost:50053 found=false value=""
  key user380:
    localhost:50051 found=false value=""
    localhost:50052 found=false value=""
    localhost:50053 found=false value=""
  key user381:
    localhost:50051 found=false value=""
    localhost:50052 found=false value=""
    localhost:50053 found=false value=""
  key user382:
    localhost:50051 found=false value=""
    localhost:50052 found=false value=""
    localhost:50053 found=false value=""
  key user383:
    localhost:50051 found=false value=""
    localhost:50052 found=false value=""
    localhost:50053 found=false value=""
  key user384:
    localhost:50051 found=false value=""
    localhost:50052 found=false value=""
    localhost:50053 found=false value=""
  key user385:
    localhost:50051 found=false value=""
    localhost:50052 found=false value=""
    localhost:50053 found=false value=""
  key user386:
    localhost:50051 found=false value=""
    localhost:50052 found=false value=""
    localhost:50053 found=false value=""
  key user387:
    localhost:50051 found=false value=""
    localhost:50052 found=false value=""
    localhost:50053 found=false value=""
  key user388:
    localhost:50051 found=false value=""
    localhost:50052 found=false value=""
    localhost:50053 found=false value=""
  key user389:
    localhost:50051 found=false value=""
    localhost:50052 found=false value=""
    localhost:50053 found=false value=""
  key user390:
    localhost:50051 found=false value=""
    localhost:50052 found=false value=""
    localhost:50053 found=false value=""
  key user391:
    localhost:50051 found=false value=""
    localhost:50052 found=false value=""
    localhost:50053 found=false value=""
  key user392:
    localhost:50051 found=false value=""
    localhost:50052 found=false value=""
    localhost:50053 found=false value=""
  key user393:
    localhost:50051 found=false value=""
    localhost:50052 found=false value=""
    localhost:50053 found=false value=""
  key user394:
    localhost:50051 found=false value=""
    localhost:50052 found=false value=""
    localhost:50053 found=false value=""
  key user395:
    localhost:50051 found=false value=""
    localhost:50052 found=false value=""
    localhost:50053 found=false value=""
  key user396:
    localhost:50051 found=false value=""
    localhost:50052 found=false value=""
    localhost:50053 found=false value=""
  key user397:
    localhost:50051 found=false value=""
    localhost:50052 found=false value=""
    localhost:50053 found=false value=""
  key user398:
    localhost:50051 found=false value=""
    localhost:50052 found=false value=""
    localhost:50053 found=false value=""
  key user399:
    localhost:50051 found=false value=""
    localhost:50052 found=false value=""
    localhost:50053 found=false value=""
  key user400:
    localhost:50051 found=false value=""
    localhost:50052 found=false value=""
    localhost:50053 found=false value=""
  key user401:
    localhost:50051 found=false value=""
    localhost:50052 found=false value=""
    localhost:50053 found=false value=""
  key user402:
    localhost:50051 found=false value=""
    localhost:50052 found=false value=""
    localhost:50053 found=false value=""
  key user403:
    localhost:50051 found=false value=""
    localhost:50052 found=false value=""
    localhost:50053 found=false value=""
  key user404:
    localhost:50051 found=false value=""
    localhost:50052 found=false value=""
    localhost:50053 found=false value=""
  key user405:
    localhost:50051 found=false value=""
    localhost:50052 found=false value=""
    localhost:50053 found=false value=""
  key user406:
    localhost:50051 found=false value=""
    localhost:50052 found=false value=""
    localhost:50053 found=false value=""
  key user407:
    localhost:50051 found=false value=""
    localhost:50052 found=false value=""
    localhost:50053 found=false value=""
  key user408:
    localhost:50051 found=false value=""
    localhost:50052 found=false value=""
    localhost:50053 found=false value=""
  key user409:
    localhost:50051 found=false value=""
    localhost:50052 found=false value=""
    localhost:50053 found=false value=""
  key user410:
    localhost:50051 found=false value=""
    localhost:50052 found=false value=""
    localhost:50053 found=false value=""
  key user411:
    localhost:50051 found=false value=""
    localhost:50052 found=false value=""
    localhost:50053 found=false value=""
  key user412:
    localhost:50051 found=false value=""
    localhost:50052 found=false value=""
    localhost:50053 found=false value=""
  key user413:
    localhost:50051 found=false value=""
    localhost:50052 found=false value=""
    localhost:50053 found=false value=""
  key user414:
    localhost:50051 found=false value=""
    localhost:50052 found=false value=""
    localhost:50053 found=false value=""
  key user415:
    localhost:50051 found=false value=""
    localhost:50052 found=false value=""
    localhost:50053 found=false value=""
  key user416:
    localhost:50051 found=false value=""
    localhost:50052 found=false value=""
    localhost:50053 found=false value=""
  key user417:
    localhost:50051 found=false value=""
    localhost:50052 found=false value=""
    localhost:50053 found=false value=""
  key user418:
    localhost:50051 found=false value=""
    localhost:50052 found=false value=""
    localhost:50053 found=false value=""
  key user419:
    localhost:50051 found=false value=""
    localhost:50052 found=false value=""
    localhost:50053 found=false value=""
  key user420:
    localhost:50051 found=false value=""
    localhost:50052 found=false value=""
    localhost:50053 found=false value=""
  key user421:
    localhost:50051 found=false value=""
    localhost:50052 found=false value=""
    localhost:50053 found=false value=""
  key user422:
    localhost:50051 found=false value=""
    localhost:50052 found=false value=""
    localhost:50053 found=false value=""
  key user423:
    localhost:50051 found=false value=""
    localhost:50052 found=false value=""
    localhost:50053 found=false value=""
  key user424:
    localhost:50051 found=false value=""
    localhost:50052 found=false value=""
    localhost:50053 found=false value=""
  key user425:
    localhost:50051 found=false value=""
    localhost:50052 found=false value=""
    localhost:50053 found=false value=""
  key user426:
    localhost:50051 found=false value=""
    localhost:50052 found=false value=""
    localhost:50053 found=false value=""
  key user427:
    localhost:50051 found=false value=""
    localhost:50052 found=false value=""
    localhost:50053 found=false value=""
  key user428:
    localhost:50051 found=false value=""
    localhost:50052 found=false value=""
    localhost:50053 found=false value=""
  key user429:
    localhost:50051 found=false value=""
    localhost:50052 found=false value=""
    localhost:50053 found=false value=""
  key user430:
    localhost:50051 found=false value=""
    localhost:50052 found=false value=""
    localhost:50053 found=false value=""
  key user431:
    localhost:50051 found=false value=""
    localhost:50052 found=false value=""
    localhost:50053 found=false value=""
  key user432:
    localhost:50051 found=false value=""
    localhost:50052 found=false value=""
    localhost:50053 found=false value=""
  key user433:
    localhost:50051 found=false value=""
    localhost:50052 found=false value=""
    localhost:50053 found=false value=""
  key user434:
    localhost:50051 found=false value=""
    localhost:50052 found=false value=""
    localhost:50053 found=false value=""
  key user435:
    localhost:50051 found=false value=""
    localhost:50052 found=false value=""
    localhost:50053 found=false value=""
  key user436:
    localhost:50051 found=false value=""
    localhost:50052 found=false value=""
    localhost:50053 found=false value=""
  key user437:
    localhost:50051 found=false value=""
    localhost:50052 found=false value=""
    localhost:50053 found=false value=""
  key user438:
    localhost:50051 found=false value=""
    localhost:50052 found=false value=""
    localhost:50053 found=false value=""
  key user439:
    localhost:50051 found=false value=""
    localhost:50052 found=false value=""
    localhost:50053 found=false value=""
  key user440:
    localhost:50051 found=false value=""
    localhost:50052 found=false value=""
    localhost:50053 found=false value=""
  key user441:
    localhost:50051 found=false value=""
    localhost:50052 found=false value=""
    localhost:50053 found=false value=""
  key user442:
    localhost:50051 found=false value=""
    localhost:50052 found=false value=""
    localhost:50053 found=false value=""
  key user443:
    localhost:50051 found=false value=""
    localhost:50052 found=false value=""
    localhost:50053 found=false value=""
  key user444:
    localhost:50051 found=false value=""
    localhost:50052 found=false value=""
    localhost:50053 found=false value=""
  key user445:
    localhost:50051 found=false value=""
    localhost:50052 found=false value=""
    localhost:50053 found=false value=""
  key user446:
    localhost:50051 found=false value=""
    localhost:50052 found=false value=""
    localhost:50053 found=false value=""
  key user447:
    localhost:50051 found=false value=""
    localhost:50052 found=false value=""
    localhost:50053 found=false value=""
  key user448:
    localhost:50051 found=false value=""
    localhost:50052 found=false value=""
    localhost:50053 found=false value=""
  key user449:
    localhost:50051 found=false value=""
    localhost:50052 found=false value=""
    localhost:50053 found=false value=""
  key user450:
    localhost:50051 found=false value=""
    localhost:50052 found=false value=""
    localhost:50053 found=false value=""
  key user451:
    localhost:50051 found=false value=""
    localhost:50052 found=false value=""
    localhost:50053 found=false value=""
  key user452:
    localhost:50051 found=false value=""
    localhost:50052 found=false value=""
    localhost:50053 found=false value=""
  key user453:
    localhost:50051 found=false value=""
    localhost:50052 found=false value=""
    localhost:50053 found=false value=""
  key user454:
    localhost:50051 found=false value=""
    localhost:50052 found=false value=""
    localhost:50053 found=false value=""
  key user455:
    localhost:50051 found=false value=""
    localhost:50052 found=false value=""
    localhost:50053 found=false value=""
  key user456:
    localhost:50051 found=false value=""
    localhost:50052 found=false value=""
    localhost:50053 found=false value=""
  key user457:
    localhost:50051 found=false value=""
    localhost:50052 found=false value=""
    localhost:50053 found=false value=""
  key user458:
    localhost:50051 found=false value=""
    localhost:50052 found=false value=""
    localhost:50053 found=false value=""
  key user459:
    localhost:50051 found=false value=""
    localhost:50052 found=false value=""
    localhost:50053 found=false value=""
  key user460:
    localhost:50051 found=false value=""
    localhost:50052 found=false value=""
    localhost:50053 found=false value=""
  key user461:
    localhost:50051 found=false value=""
    localhost:50052 found=false value=""
    localhost:50053 found=false value=""
  key user462:
    localhost:50051 found=false value=""
    localhost:50052 found=false value=""
    localhost:50053 found=false value=""
  key user463:
    localhost:50051 found=false value=""
    localhost:50052 found=false value=""
    localhost:50053 found=false value=""
  key user464:
    localhost:50051 found=false value=""
    localhost:50052 found=false value=""
    localhost:50053 found=false value=""
  key user465:
    localhost:50051 found=false value=""
    localhost:50052 found=false value=""
    localhost:50053 found=false value=""
  key user466:
    localhost:50051 found=false value=""
    localhost:50052 found=false value=""
    localhost:50053 found=false value=""
  key user467:
    localhost:50051 found=false value=""
    localhost:50052 found=false value=""
    localhost:50053 found=false value=""
  key user468:
    localhost:50051 found=false value=""
    localhost:50052 found=false value=""
    localhost:50053 found=false value=""
  key user469:
    localhost:50051 found=false value=""
    localhost:50052 found=false value=""
    localhost:50053 found=false value=""
  key user470:
    localhost:50051 found=false value=""
    localhost:50052 found=false value=""
    localhost:50053 found=false value=""
  key user471:
    localhost:50051 found=false value=""
    localhost:50052 found=false value=""
    localhost:50053 found=false value=""
  key user472:
    localhost:50051 found=false value=""
    localhost:50052 found=false value=""
    localhost:50053 found=false value=""
  key user473:
    localhost:50051 found=false value=""
    localhost:50052 found=false value=""
    localhost:50053 found=false value=""
  key user474:
    localhost:50051 found=false value=""
    localhost:50052 found=false value=""
    localhost:50053 found=false value=""
  key user475:
    localhost:50051 found=false value=""
    localhost:50052 found=false value=""
    localhost:50053 found=false value=""
  key user476:
    localhost:50051 found=false value=""
    localhost:50052 found=false value=""
    localhost:50053 found=false value=""
  key user477:
    localhost:50051 found=false value=""
    localhost:50052 found=false value=""
    localhost:50053 found=false value=""
  key user478:
    localhost:50051 found=false value=""
    localhost:50052 found=false value=""
    localhost:50053 found=false value=""
  key user479:
    localhost:50051 found=false value=""
    localhost:50052 found=false value=""
    localhost:50053 found=false value=""
  key user480:
    localhost:50051 found=false value=""
    localhost:50052 found=false value=""
    localhost:50053 found=false value=""
  key user481:
    localhost:50051 found=false value=""
    localhost:50052 found=false value=""
    localhost:50053 found=false value=""
  key user482:
    localhost:50051 found=false value=""
    localhost:50052 found=false value=""
    localhost:50053 found=false value=""
  key user483:
    localhost:50051 found=false value=""
    localhost:50052 found=false value=""
    localhost:50053 found=false value=""
  key user484:
    localhost:50051 found=false value=""
    localhost:50052 found=false value=""
    localhost:50053 found=false value=""
  key user485:
    localhost:50051 found=false value=""
    localhost:50052 found=false value=""
    localhost:50053 found=false value=""
  key user486:
    localhost:50051 found=false value=""
    localhost:50052 found=false value=""
    localhost:50053 found=false value=""
  key user487:
    localhost:50051 found=false value=""
    localhost:50052 found=false value=""
    localhost:50053 found=false value=""
  key user488:
    localhost:50051 found=false value=""
    localhost:50052 found=false value=""
    localhost:50053 found=false value=""
  key user489:
    localhost:50051 found=false value=""
    localhost:50052 found=false value=""
    localhost:50053 found=false value=""
  key user490:
    localhost:50051 found=false value=""
    localhost:50052 found=false value=""
    localhost:50053 found=false value=""
  key user491:
    localhost:50051 found=false value=""
    localhost:50052 found=false value=""
    localhost:50053 found=false value=""
  key user492:
    localhost:50051 found=false value=""
    localhost:50052 found=false value=""
    localhost:50053 found=false value=""
  key user493:
    localhost:50051 found=false value=""
    localhost:50052 found=false value=""
    localhost:50053 found=false value=""
  key user494:
    localhost:50051 found=false value=""
    localhost:50052 found=false value=""
    localhost:50053 found=false value=""
  key user495:
    localhost:50051 found=false value=""
    localhost:50052 found=false value=""
    localhost:50053 found=false value=""
  key user496:
    localhost:50051 found=false value=""
    localhost:50052 found=false value=""
    localhost:50053 found=false value=""
  key user497:
    localhost:50051 found=false value=""
    localhost:50052 found=false value=""
    localhost:50053 found=false value=""
  key user498:
    localhost:50051 found=false value=""
    localhost:50052 found=false value=""
    localhost:50053 found=false value=""
  key user499:
    localhost:50051 found=false value=""
    localhost:50052 found=false value=""
    localhost:50053 found=false value=""
  key user500:
    localhost:50051 found=false value=""
    localhost:50052 found=false value=""
    localhost:50053 found=false value=""
  key user501:
    localhost:50051 found=false value=""
    localhost:50052 found=false value=""
    localhost:50053 found=false value=""
  key user502:
    localhost:50051 found=false value=""
    localhost:50052 found=false value=""
    localhost:50053 found=false value=""
  key user503:
    localhost:50051 found=false value=""
    localhost:50052 found=false value=""
    localhost:50053 found=false value=""
  key user504:
    localhost:50051 found=false value=""
    localhost:50052 found=false value=""
    localhost:50053 found=false value=""
  key user505:
    localhost:50051 found=false value=""
    localhost:50052 found=false value=""
    localhost:50053 found=false value=""
  key user506:
    localhost:50051 found=false value=""
    localhost:50052 found=false value=""
    localhost:50053 found=false value=""
  key user507:
    localhost:50051 found=false value=""
    localhost:50052 found=false value=""
    localhost:50053 found=false value=""
  key user508:
    localhost:50051 found=false value=""
    localhost:50052 found=false value=""
    localhost:50053 found=false value=""
  key user509:
    localhost:50051 found=false value=""
    localhost:50052 found=false value=""
    localhost:50053 found=false value=""
  key user510:
    localhost:50051 found=false value=""
    localhost:50052 found=false value=""
    localhost:50053 found=false value=""
  key user511:
    localhost:50051 found=false value=""
    localhost:50052 found=false value=""
    localhost:50053 found=false value=""
  key user512:
    localhost:50051 found=false value=""
    localhost:50052 found=false value=""
    localhost:50053 found=false value=""
  key user513:
    localhost:50051 found=false value=""
    localhost:50052 found=false value=""
    localhost:50053 found=false value=""
  key user514:
    localhost:50051 found=false value=""
    localhost:50052 found=false value=""
    localhost:50053 found=false value=""
  key user515:
    localhost:50051 found=false value=""
    localhost:50052 found=false value=""
    localhost:50053 found=false value=""
  key user516:
    localhost:50051 found=false value=""
    localhost:50052 found=false value=""
    localhost:50053 found=false value=""
  key user517:
    localhost:50051 found=false value=""
    localhost:50052 found=false value=""
    localhost:50053 found=false value=""
  key user518:
    localhost:50051 found=false value=""
    localhost:50052 found=false value=""
    localhost:50053 found=false value=""
  key user519:
    localhost:50051 found=false value=""
    localhost:50052 found=false value=""
    localhost:50053 found=false value=""
  key user520:
    localhost:50051 found=false value=""
    localhost:50052 found=false value=""
    localhost:50053 found=false value=""
  key user521:
    localhost:50051 found=false value=""
    localhost:50052 found=false value=""
    localhost:50053 found=false value=""
  key user522:
    localhost:50051 found=false value=""
    localhost:50052 found=false value=""
    localhost:50053 found=false value=""
  key user523:
    localhost:50051 found=false value=""
    localhost:50052 found=false value=""
    localhost:50053 found=false value=""
  key user524:
    localhost:50051 found=false value=""
    localhost:50052 found=false value=""
    localhost:50053 found=false value=""
  key user525:
    localhost:50051 found=false value=""
    localhost:50052 found=false value=""
    localhost:50053 found=false value=""
  key user526:
    localhost:50051 found=false value=""
    localhost:50052 found=false value=""
    localhost:50053 found=false value=""
  key user527:
    localhost:50051 found=false value=""
    localhost:50052 found=false value=""
    localhost:50053 found=false value=""
  key user528:
    localhost:50051 found=false value=""
    localhost:50052 found=false value=""
    localhost:50053 found=false value=""
  key user529:
    localhost:50051 found=false value=""
    localhost:50052 found=false value=""
    localhost:50053 found=false value=""
  key user530:
    localhost:50051 found=false value=""
    localhost:50052 found=false value=""
    localhost:50053 found=false value=""
  key user531:
    localhost:50051 found=false value=""
    localhost:50052 found=false value=""
    localhost:50053 found=false value=""
  key user532:
    localhost:50051 found=false value=""
    localhost:50052 found=false value=""
    localhost:50053 found=false value=""
  key user533:
    localhost:50051 found=false value=""
    localhost:50052 found=false value=""
    localhost:50053 found=false value=""
  key user534:
    localhost:50051 found=false value=""
    localhost:50052 found=false value=""
    localhost:50053 found=false value=""
  key user535:
    localhost:50051 found=false value=""
    localhost:50052 found=false value=""
    localhost:50053 found=false value=""
  key user536:
    localhost:50051 found=false value=""
    localhost:50052 found=false value=""
    localhost:50053 found=false value=""
  key user537:
    localhost:50051 found=false value=""
    localhost:50052 found=false value=""
    localhost:50053 found=false value=""
  key user538:
    localhost:50051 found=false value=""
    localhost:50052 found=false value=""
    localhost:50053 found=false value=""
  key user539:
    localhost:50051 found=false value=""
    localhost:50052 found=false value=""
    localhost:50053 found=false value=""
  key user540:
    localhost:50051 found=false value=""
    localhost:50052 found=false value=""
    localhost:50053 found=false value=""
  key user541:
    localhost:50051 found=false value=""
    localhost:50052 found=false value=""
    localhost:50053 found=false value=""
  key user542:
    localhost:50051 found=false value=""
    localhost:50052 found=false value=""
    localhost:50053 found=false value=""
  key user543:
    localhost:50051 found=false value=""
    localhost:50052 found=false value=""
    localhost:50053 found=false value=""
  key user544:
    localhost:50051 found=false value=""
    localhost:50052 found=false value=""
    localhost:50053 found=false value=""
  key user545:
    localhost:50051 found=false value=""
    localhost:50052 found=false value=""
    localhost:50053 found=false value=""
  key user546:
    localhost:50051 found=false value=""
    localhost:50052 found=false value=""
    localhost:50053 found=false value=""
  key user547:
    localhost:50051 found=false value=""
    localhost:50052 found=false value=""
    localhost:50053 found=false value=""
  key user548:
    localhost:50051 found=false value=""
    localhost:50052 found=false value=""
    localhost:50053 found=false value=""
  key user549:
    localhost:50051 found=false value=""
    localhost:50052 found=false value=""
    localhost:50053 found=false value=""
  key user550:
    localhost:50051 found=false value=""
    localhost:50052 found=false value=""
    localhost:50053 found=false value=""
  key user551:
    localhost:50051 found=false value=""
    localhost:50052 found=false value=""
    localhost:50053 found=false value=""
  key user552:
    localhost:50051 found=false value=""
    localhost:50052 found=false value=""
    localhost:50053 found=false value=""
  key user553:
    localhost:50051 found=false value=""
    localhost:50052 found=false value=""
    localhost:50053 found=false value=""
  key user554:
    localhost:50051 found=false value=""
    localhost:50052 found=false value=""
    localhost:50053 found=false value=""
  key user555:
    localhost:50051 found=false value=""
    localhost:50052 found=false value=""
    localhost:50053 found=false value=""
  key user556:
    localhost:50051 found=false value=""
    localhost:50052 found=false value=""
    localhost:50053 found=false value=""
  key user557:
    localhost:50051 found=false value=""
    localhost:50052 found=false value=""
    localhost:50053 found=false value=""
  key user558:
    localhost:50051 found=false value=""
    localhost:50052 found=false value=""
    localhost:50053 found=false value=""
  key user559:
    localhost:50051 found=false value=""
    localhost:50052 found=false value=""
    localhost:50053 found=false value=""
  key user560:
    localhost:50051 found=false value=""
    localhost:50052 found=false value=""
    localhost:50053 found=false value=""
  key user561:
    localhost:50051 found=false value=""
    localhost:50052 found=false value=""
    localhost:50053 found=false value=""
  key user562:
    localhost:50051 found=false value=""
    localhost:50052 found=false value=""
    localhost:50053 found=false value=""
  key user563:
    localhost:50051 found=false value=""
    localhost:50052 found=false value=""
    localhost:50053 found=false value=""
  key user564:
    localhost:50051 found=false value=""
    localhost:50052 found=false value=""
    localhost:50053 found=false value=""
  key user565:
    localhost:50051 found=false value=""
    localhost:50052 found=false value=""
    localhost:50053 found=false value=""
  key user566:
    localhost:50051 found=false value=""
    localhost:50052 found=false value=""
    localhost:50053 found=false value=""
  key user567:
    localhost:50051 found=false value=""
    localhost:50052 found=false value=""
    localhost:50053 found=false value=""
  key user568:
    localhost:50051 found=false value=""
    localhost:50052 found=false value=""
    localhost:50053 found=false value=""
  key user569:
    localhost:50051 found=false value=""
    localhost:50052 found=false value=""
    localhost:50053 found=false value=""
  key user570:
    localhost:50051 found=false value=""
    localhost:50052 found=false value=""
    localhost:50053 found=false value=""
  key user571:
    localhost:50051 found=false value=""
    localhost:50052 found=false value=""
    localhost:50053 found=false value=""
  key user572:
    localhost:50051 found=false value=""
    localhost:50052 found=false value=""
    localhost:50053 found=false value=""
  key user573:
    localhost:50051 found=false value=""
    localhost:50052 found=false value=""
    localhost:50053 found=false value=""
  key user574:
    localhost:50051 found=false value=""
    localhost:50052 found=false value=""
    localhost:50053 found=false value=""
  key user575:
    localhost:50051 found=false value=""
    localhost:50052 found=false value=""
    localhost:50053 found=false value=""
  key user576:
    localhost:50051 found=false value=""
    localhost:50052 found=false value=""
    localhost:50053 found=false value=""
  key user577:
    localhost:50051 found=false value=""
    localhost:50052 found=false value=""
    localhost:50053 found=false value=""
  key user578:
    localhost:50051 found=false value=""
    localhost:50052 found=false value=""
    localhost:50053 found=false value=""
  key user579:
    localhost:50051 found=false value=""
    localhost:50052 found=false value=""
    localhost:50053 found=false value=""
  key user580:
    localhost:50051 found=false value=""
    localhost:50052 found=false value=""
    localhost:50053 found=false value=""
  key user581:
    localhost:50051 found=false value=""
    localhost:50052 found=false value=""
    localhost:50053 found=false value=""
  key user582:
    localhost:50051 found=false value=""
    localhost:50052 found=false value=""
    localhost:50053 found=false value=""
  key user583:
    localhost:50051 found=false value=""
    localhost:50052 found=false value=""
    localhost:50053 found=false value=""
  key user584:
    localhost:50051 found=false value=""
    localhost:50052 found=false value=""
    localhost:50053 found=false value=""
  key user585:
    localhost:50051 found=false value=""
    localhost:50052 found=false value=""
    localhost:50053 found=false value=""
  key user586:
    localhost:50051 found=false value=""
    localhost:50052 found=false value=""
    localhost:50053 found=false value=""
  key user587:
    localhost:50051 found=false value=""
    localhost:50052 found=false value=""
    localhost:50053 found=false value=""
  key user588:
    localhost:50051 found=false value=""
    localhost:50052 found=false value=""
    localhost:50053 found=false value=""
  key user589:
    localhost:50051 found=false value=""
    localhost:50052 found=false value=""
    localhost:50053 found=false value=""
  key user590:
    localhost:50051 found=false value=""
    localhost:50052 found=false value=""
    localhost:50053 found=false value=""
  key user591:
    localhost:50051 found=false value=""
    localhost:50052 found=false value=""
    localhost:50053 found=false value=""
  key user592:
    localhost:50051 found=false value=""
    localhost:50052 found=false value=""
    localhost:50053 found=false value=""
  key user593:
    localhost:50051 found=false value=""
    localhost:50052 found=false value=""
    localhost:50053 found=false value=""
  key user594:
    localhost:50051 found=false value=""
    localhost:50052 found=false value=""
    localhost:50053 found=false value=""
  key user595:
    localhost:50051 found=false value=""
    localhost:50052 found=false value=""
    localhost:50053 found=false value=""
  key user596:
    localhost:50051 found=false value=""
    localhost:50052 found=false value=""
    localhost:50053 found=false value=""
  key user597:
    localhost:50051 found=false value=""
    localhost:50052 found=false value=""
    localhost:50053 found=false value=""
  key user598:
    localhost:50051 found=false value=""
    localhost:50052 found=false value=""
    localhost:50053 found=false value=""
  key user599:
    localhost:50051 found=false value=""
    localhost:50052 found=false value=""
    localhost:50053 found=false value=""
  key user600:
    localhost:50051 found=false value=""
    localhost:50052 found=false value=""
    localhost:50053 found=false value=""
  key user601:
    localhost:50051 found=false value=""
    localhost:50052 found=false value=""
    localhost:50053 found=false value=""
  key user602:
    localhost:50051 found=false value=""
    localhost:50052 found=false value=""
    localhost:50053 found=false value=""
  key user603:
    localhost:50051 found=false value=""
    localhost:50052 found=false value=""
    localhost:50053 found=false value=""
  key user604:
    localhost:50051 found=false value=""
    localhost:50052 found=false value=""
    localhost:50053 found=false value=""
  key user605:
    localhost:50051 found=false value=""
    localhost:50052 found=false value=""
    localhost:50053 found=false value=""
  key user606:
    localhost:50051 found=false value=""
    localhost:50052 found=false value=""
    localhost:50053 found=false value=""
  key user607:
    localhost:50051 found=false value=""
    localhost:50052 found=false value=""
    localhost:50053 found=false value=""
  key user608:
    localhost:50051 found=false value=""
    localhost:50052 found=false value=""
    localhost:50053 found=false value=""
  key user609:
    localhost:50051 found=false value=""
    localhost:50052 found=false value=""
    localhost:50053 found=false value=""
  key user610:
    localhost:50051 found=false value=""
    localhost:50052 found=false value=""
    localhost:50053 found=false value=""
  key user611:
    localhost:50051 found=false value=""
    localhost:50052 found=false value=""
    localhost:50053 found=false value=""
  key user612:
    localhost:50051 found=false value=""
    localhost:50052 found=false value=""
    localhost:50053 found=false value=""
  key user613:
    localhost:50051 found=false value=""
    localhost:50052 found=false value=""
    localhost:50053 found=false value=""
  key user614:
    localhost:50051 found=false value=""
    localhost:50052 found=false value=""
    localhost:50053 found=false value=""
  key user615:
    localhost:50051 found=false value=""
    localhost:50052 found=false value=""
    localhost:50053 found=false value=""
  key user616:
    localhost:50051 found=false value=""
    localhost:50052 found=false value=""
    localhost:50053 found=false value=""
  key user617:
    localhost:50051 found=false value=""
    localhost:50052 found=false value=""
    localhost:50053 found=false value=""
  key user618:
    localhost:50051 found=false value=""
    localhost:50052 found=false value=""
    localhost:50053 found=false value=""
  key user619:
    localhost:50051 found=false value=""
    localhost:50052 found=false value=""
    localhost:50053 found=false value=""
  key user620:
    localhost:50051 found=false value=""
    localhost:50052 found=false value=""
    localhost:50053 found=false value=""
  key user621:
    localhost:50051 found=false value=""
    localhost:50052 found=false value=""
    localhost:50053 found=false value=""
  key user622:
    localhost:50051 found=false value=""
    localhost:50052 found=false value=""
    localhost:50053 found=false value=""
  key user623:
    localhost:50051 found=false value=""
    localhost:50052 found=false value=""
    localhost:50053 found=false value=""
  key user624:
    localhost:50051 found=false value=""
    localhost:50052 found=false value=""
    localhost:50053 found=false value=""
  key user625:
    localhost:50051 found=false value=""
    localhost:50052 found=false value=""
    localhost:50053 found=false value=""
  key user626:
    localhost:50051 found=false value=""
    localhost:50052 found=false value=""
    localhost:50053 found=false value=""
  key user627:
    localhost:50051 found=false value=""
    localhost:50052 found=false value=""
    localhost:50053 found=false value=""
  key user628:
    localhost:50051 found=false value=""
    localhost:50052 found=false value=""
    localhost:50053 found=false value=""
  key user629:
    localhost:50051 found=false value=""
    localhost:50052 found=false value=""
    localhost:50053 found=false value=""
  key user630:
    localhost:50051 found=false value=""
    localhost:50052 found=false value=""
    localhost:50053 found=false value=""
  key user631:
    localhost:50051 found=false value=""
    localhost:50052 found=false value=""
    localhost:50053 found=false value=""
  key user632:
    localhost:50051 found=false value=""
    localhost:50052 found=false value=""
    localhost:50053 found=false value=""
  key user633:
    localhost:50051 found=false value=""
    localhost:50052 found=false value=""
    localhost:50053 found=false value=""
  key user634:
    localhost:50051 found=false value=""
    localhost:50052 found=false value=""
    localhost:50053 found=false value=""
  key user635:
    localhost:50051 found=false value=""
    localhost:50052 found=false value=""
    localhost:50053 found=false value=""
  key user636:
    localhost:50051 found=false value=""
    localhost:50052 found=false value=""
    localhost:50053 found=false value=""
  key user637:
    localhost:50051 found=false value=""
    localhost:50052 found=false value=""
    localhost:50053 found=false value=""
  key user638:
    localhost:50051 found=false value=""
    localhost:50052 found=false value=""
    localhost:50053 found=false value=""
  key user639:
    localhost:50051 found=false value=""
    localhost:50052 found=false value=""
    localhost:50053 found=false value=""
  key user640:
    localhost:50051 found=false value=""
    localhost:50052 found=false value=""
    localhost:50053 found=false value=""
  key user641:
    localhost:50051 found=false value=""
    localhost:50052 found=false value=""
    localhost:50053 found=false value=""
  key user642:
    localhost:50051 found=false value=""
    localhost:50052 found=false value=""
    localhost:50053 found=false value=""
  key user643:
    localhost:50051 found=false value=""
    localhost:50052 found=false value=""
    localhost:50053 found=false value=""
  key user644:
    localhost:50051 found=false value=""
    localhost:50052 found=false value=""
    localhost:50053 found=false value=""
  key user645:
    localhost:50051 found=false value=""
    localhost:50052 found=false value=""
    localhost:50053 found=false value=""
  key user646:
    localhost:50051 found=false value=""
    localhost:50052 found=false value=""
    localhost:50053 found=false value=""
  key user647:
    localhost:50051 found=false value=""
    localhost:50052 found=false value=""
    localhost:50053 found=false value=""
  key user648:
    localhost:50051 found=false value=""
    localhost:50052 found=false value=""
    localhost:50053 found=false value=""
  key user649:
    localhost:50051 found=false value=""
    localhost:50052 found=false value=""
    localhost:50053 found=false value=""
  key user650:
    localhost:50051 found=false value=""
    localhost:50052 found=false value=""
    localhost:50053 found=false value=""
  key user651:
    localhost:50051 found=false value=""
    localhost:50052 found=false value=""
    localhost:50053 found=false value=""
  key user652:
    localhost:50051 found=false value=""
    localhost:50052 found=false value=""
    localhost:50053 found=false value=""
  key user653:
    localhost:50051 found=false value=""
    localhost:50052 found=false value=""
    localhost:50053 found=false value=""
  key user654:
    localhost:50051 found=false value=""
    localhost:50052 found=false value=""
    localhost:50053 found=false value=""
  key user655:
    localhost:50051 found=false value=""
    localhost:50052 found=false value=""
    localhost:50053 found=false value=""
  key user656:
    localhost:50051 found=false value=""
    localhost:50052 found=false value=""
    localhost:50053 found=false value=""
  key user657:
    localhost:50051 found=false value=""
    localhost:50052 found=false value=""
    localhost:50053 found=false value=""
  key user658:
    localhost:50051 found=false value=""
    localhost:50052 found=false value=""
    localhost:50053 found=false value=""
  key user659:
    localhost:50051 found=false value=""
    localhost:50052 found=false value=""
    localhost:50053 found=false value=""
  key user660:
    localhost:50051 found=false value=""
    localhost:50052 found=false value=""
    localhost:50053 found=false value=""
  key user661:
    localhost:50051 found=false value=""
    localhost:50052 found=false value=""
    localhost:50053 found=false value=""
  key user662:
    localhost:50051 found=false value=""
    localhost:50052 found=false value=""
    localhost:50053 found=false value=""
  key user663:
    localhost:50051 found=false value=""
    localhost:50052 found=false value=""
    localhost:50053 found=false value=""
  key user664:
    localhost:50051 found=false value=""
    localhost:50052 found=false value=""
    localhost:50053 found=false value=""
  key user665:
    localhost:50051 found=false value=""
    localhost:50052 found=false value=""
    localhost:50053 found=false value=""
  key user666:
    localhost:50051 found=false value=""
    localhost:50052 found=false value=""
    localhost:50053 found=false value=""
  key user667:
    localhost:50051 found=false value=""
    localhost:50052 found=false value=""
    localhost:50053 found=false value=""
  key user668:
    localhost:50051 found=false value=""
    localhost:50052 found=false value=""
    localhost:50053 found=false value=""
  key user669:
    localhost:50051 found=false value=""
    localhost:50052 found=false value=""
    localhost:50053 found=false value=""
  key user670:
    localhost:50051 found=false value=""
    localhost:50052 found=false value=""
    localhost:50053 found=false value=""
  key user671:
    localhost:50051 found=false value=""
    localhost:50052 found=false value=""
    localhost:50053 found=false value=""
  key user672:
    localhost:50051 found=false value=""
    localhost:50052 found=false value=""
    localhost:50053 found=false value=""
  key user673:
    localhost:50051 found=false value=""
    localhost:50052 found=false value=""
    localhost:50053 found=false value=""
  key user674:
    localhost:50051 found=false value=""
    localhost:50052 found=false value=""
    localhost:50053 found=false value=""
  key user675:
    localhost:50051 found=false value=""
    localhost:50052 found=false value=""
    localhost:50053 found=false value=""
  key user676:
    localhost:50051 found=false value=""
    localhost:50052 found=false value=""
    localhost:50053 found=false value=""
  key user677:
    localhost:50051 found=false value=""
    localhost:50052 found=false value=""
    localhost:50053 found=false value=""
  key user678:
    localhost:50051 found=false value=""
    localhost:50052 found=false value=""
    localhost:50053 found=false value=""
  key user679:
    localhost:50051 found=false value=""
    localhost:50052 found=false value=""
    localhost:50053 found=false value=""
  key user680:
    localhost:50051 found=false value=""
    localhost:50052 found=false value=""
    localhost:50053 found=false value=""
  key user681:
    localhost:50051 found=false value=""
    localhost:50052 found=false value=""
    localhost:50053 found=false value=""
  key user682:
    localhost:50051 found=false value=""
    localhost:50052 found=false value=""
    localhost:50053 found=false value=""
  key user683:
    localhost:50051 found=false value=""
    localhost:50052 found=false value=""
    localhost:50053 found=false value=""
  key user684:
    localhost:50051 found=false value=""
    localhost:50052 found=false value=""
    localhost:50053 found=false value=""
  key user685:
    localhost:50051 found=false value=""
    localhost:50052 found=false value=""
    localhost:50053 found=false value=""
  key user686:
    localhost:50051 found=false value=""
    localhost:50052 found=false value=""
    localhost:50053 found=false value=""
  key user687:
    localhost:50051 found=false value=""
    localhost:50052 found=false value=""
    localhost:50053 found=false value=""
  key user688:
    localhost:50051 found=false value=""
    localhost:50052 found=false value=""
    localhost:50053 found=false value=""
  key user689:
    localhost:50051 found=false value=""
    localhost:50052 found=false value=""
    localhost:50053 found=false value=""
  key user690:
    localhost:50051 found=false value=""
    localhost:50052 found=false value=""
    localhost:50053 found=false value=""
  key user691:
    localhost:50051 found=false value=""
    localhost:50052 found=false value=""
    localhost:50053 found=false value=""
  key user692:
    localhost:50051 found=false value=""
    localhost:50052 found=false value=""
    localhost:50053 found=false value=""
  key user693:
    localhost:50051 found=false value=""
    localhost:50052 found=false value=""
    localhost:50053 found=false value=""
  key user694:
    localhost:50051 found=false value=""
    localhost:50052 found=false value=""
    localhost:50053 found=false value=""
  key user695:
    localhost:50051 found=false value=""
    localhost:50052 found=false value=""
    localhost:50053 found=false value=""
  key user696:
    localhost:50051 found=false value=""
    localhost:50052 found=false value=""
    localhost:50053 found=false value=""
  key user697:
    localhost:50051 found=false value=""
    localhost:50052 found=false value=""
    localhost:50053 found=false value=""
  key user698:
    localhost:50051 found=false value=""
    localhost:50052 found=false value=""
    localhost:50053 found=false value=""
  key user699:
    localhost:50051 found=false value=""
    localhost:50052 found=false value=""
    localhost:50053 found=false value=""
  key user700:
    localhost:50051 found=false value=""
    localhost:50052 found=false value=""
    localhost:50053 found=false value=""
  key user701:
    localhost:50051 found=false value=""
    localhost:50052 found=false value=""
    localhost:50053 found=false value=""
  key user702:
    localhost:50051 found=false value=""
    localhost:50052 found=false value=""
    localhost:50053 found=false value=""
  key user703:
    localhost:50051 found=false value=""
    localhost:50052 found=false value=""
    localhost:50053 found=false value=""
  key user704:
    localhost:50051 found=false value=""
    localhost:50052 found=false value=""
    localhost:50053 found=false value=""
  key user705:
    localhost:50051 found=false value=""
    localhost:50052 found=false value=""
    localhost:50053 found=false value=""
  key user706:
    localhost:50051 found=false value=""
    localhost:50052 found=false value=""
    localhost:50053 found=false value=""
  key user707:
    localhost:50051 found=false value=""
    localhost:50052 found=false value=""
    localhost:50053 found=false value=""
  key user708:
    localhost:50051 found=false value=""
    localhost:50052 found=false value=""
    localhost:50053 found=false value=""
  key user709:
    localhost:50051 found=false value=""
    localhost:50052 found=false value=""
    localhost:50053 found=false value=""
  key user710:
    localhost:50051 found=false value=""
    localhost:50052 found=false value=""
    localhost:50053 found=false value=""
  key user711:
    localhost:50051 found=false value=""
    localhost:50052 found=false value=""
    localhost:50053 found=false value=""
  key user712:
    localhost:50051 found=false value=""
    localhost:50052 found=false value=""
    localhost:50053 found=false value=""
  key user713:
    localhost:50051 found=false value=""
    localhost:50052 found=false value=""
    localhost:50053 found=false value=""
  key user714:
    localhost:50051 found=false value=""
    localhost:50052 found=false value=""
    localhost:50053 found=false value=""
  key user715:
    localhost:50051 found=false value=""
    localhost:50052 found=false value=""
    localhost:50053 found=false value=""
  key user716:
    localhost:50051 found=false value=""
    localhost:50052 found=false value=""
    localhost:50053 found=false value=""
  key user717:
    localhost:50051 found=false value=""
    localhost:50052 found=false value=""
    localhost:50053 found=false value=""
  key user718:
    localhost:50051 found=false value=""
    localhost:50052 found=false value=""
    localhost:50053 found=false value=""
  key user719:
    localhost:50051 found=false value=""
    localhost:50052 found=false value=""
    localhost:50053 found=false value=""
  key user720:
    localhost:50051 found=false value=""
    localhost:50052 found=false value=""
    localhost:50053 found=false value=""
  key user721:
    localhost:50051 found=false value=""
    localhost:50052 found=false value=""
    localhost:50053 found=false value=""
  key user722:
    localhost:50051 found=false value=""
    localhost:50052 found=false value=""
    localhost:50053 found=false value=""
  key user723:
    localhost:50051 found=false value=""
    localhost:50052 found=false value=""
    localhost:50053 found=false value=""
  key user724:
    localhost:50051 found=false value=""
    localhost:50052 found=false value=""
    localhost:50053 found=false value=""
  key user725:
    localhost:50051 found=false value=""
    localhost:50052 found=false value=""
    localhost:50053 found=false value=""
  key user726:
    localhost:50051 found=false value=""
    localhost:50052 found=false value=""
    localhost:50053 found=false value=""
  key user727:
    localhost:50051 found=false value=""
    localhost:50052 found=false value=""
    localhost:50053 found=false value=""
  key user728:
    localhost:50051 found=false value=""
    localhost:50052 found=false value=""
    localhost:50053 found=false value=""
  key user729:
    localhost:50051 found=false value=""
    localhost:50052 found=false value=""
    localhost:50053 found=false value=""
  key user730:
    localhost:50051 found=false value=""
    localhost:50052 found=false value=""
    localhost:50053 found=false value=""
  key user731:
    localhost:50051 found=false value=""
    localhost:50052 found=false value=""
    localhost:50053 found=false value=""
  key user732:
    localhost:50051 found=false value=""
    localhost:50052 found=false value=""
    localhost:50053 found=false value=""
  key user733:
    localhost:50051 found=false value=""
    localhost:50052 found=false value=""
    localhost:50053 found=false value=""
  key user734:
    localhost:50051 found=false value=""
    localhost:50052 found=false value=""
    localhost:50053 found=false value=""
  key user735:
    localhost:50051 found=false value=""
    localhost:50052 found=false value=""
    localhost:50053 found=false value=""
  key user736:
    localhost:50051 found=false value=""
    localhost:50052 found=false value=""
    localhost:50053 found=false value=""
  key user737:
    localhost:50051 found=false value=""
    localhost:50052 found=false value=""
    localhost:50053 found=false value=""
  key user738:
    localhost:50051 found=false value=""
    localhost:50052 found=false value=""
    localhost:50053 found=false value=""
  key user739:
    localhost:50051 found=false value=""
    localhost:50052 found=false value=""
    localhost:50053 found=false value=""
  key user740:
    localhost:50051 found=false value=""
    localhost:50052 found=false value=""
    localhost:50053 found=false value=""
  key user741:
    localhost:50051 found=false value=""
    localhost:50052 found=false value=""
    localhost:50053 found=false value=""
  key user742:
    localhost:50051 found=false value=""
    localhost:50052 found=false value=""
    localhost:50053 found=false value=""
  key user743:
    localhost:50051 found=false value=""
    localhost:50052 found=false value=""
    localhost:50053 found=false value=""
  key user744:
    localhost:50051 found=false value=""
    localhost:50052 found=false value=""
    localhost:50053 found=false value=""
  key user745:
    localhost:50051 found=false value=""
    localhost:50052 found=false value=""
    localhost:50053 found=false value=""
  key user746:
    localhost:50051 found=false value=""
    localhost:50052 found=false value=""
    localhost:50053 found=false value=""
  key user747:
    localhost:50051 found=false value=""
    localhost:50052 found=false value=""
    localhost:50053 found=false value=""
  key user748:
    localhost:50051 found=false value=""
    localhost:50052 found=false value=""
    localhost:50053 found=false value=""
  key user749:
    localhost:50051 found=false value=""
    localhost:50052 found=false value=""
    localhost:50053 found=false value=""
  key user750:
    localhost:50051 found=false value=""
    localhost:50052 found=false value=""
    localhost:50053 found=false value=""
  key user751:
    localhost:50051 found=false value=""
    localhost:50052 found=false value=""
    localhost:50053 found=false value=""
  key user752:
    localhost:50051 found=false value=""
    localhost:50052 found=false value=""
    localhost:50053 found=false value=""
  key user753:
    localhost:50051 found=false value=""
    localhost:50052 found=false value=""
    localhost:50053 found=false value=""
  key user754:
    localhost:50051 found=false value=""
    localhost:50052 found=false value=""
    localhost:50053 found=false value=""
  key user755:
    localhost:50051 found=false value=""
    localhost:50052 found=false value=""
    localhost:50053 found=false value=""
  key user756:
    localhost:50051 found=false value=""
    localhost:50052 found=false value=""
    localhost:50053 found=false value=""
  key user757:
    localhost:50051 found=false value=""
    localhost:50052 found=false value=""
    localhost:50053 found=false value=""
  key user758:
    localhost:50051 found=false value=""
    localhost:50052 found=false value=""
    localhost:50053 found=false value=""
  key user759:
    localhost:50051 found=false value=""
    localhost:50052 found=false value=""
    localhost:50053 found=false value=""
  key user760:
    localhost:50051 found=false value=""
    localhost:50052 found=false value=""
    localhost:50053 found=false value=""
  key user761:
    localhost:50051 found=false value=""
    localhost:50052 found=false value=""
    localhost:50053 found=false value=""
  key user762:
    localhost:50051 found=false value=""
    localhost:50052 found=false value=""
    localhost:50053 found=false value=""
  key user763:
    localhost:50051 found=false value=""
    localhost:50052 found=false value=""
    localhost:50053 found=false value=""
  key user764:
    localhost:50051 found=false value=""
    localhost:50052 found=false value=""
    localhost:50053 found=false value=""
  key user765:
    localhost:50051 found=false value=""
    localhost:50052 found=false value=""
    localhost:50053 found=false value=""
  key user766:
    localhost:50051 found=false value=""
    localhost:50052 found=false value=""
    localhost:50053 found=false value=""
  key user767:
    localhost:50051 found=false value=""
    localhost:50052 found=false value=""
    localhost:50053 found=false value=""
  key user768:
    localhost:50051 found=false value=""
    localhost:50052 found=false value=""
    localhost:50053 found=false value=""
  key user769:
    localhost:50051 found=false value=""
    localhost:50052 found=false value=""
    localhost:50053 found=false value=""
  key user770:
    localhost:50051 found=false value=""
    localhost:50052 found=false value=""
    localhost:50053 found=false value=""
  key user771:
    localhost:50051 found=false value=""
    localhost:50052 found=false value=""
    localhost:50053 found=false value=""
  key user772:
    localhost:50051 found=false value=""
    localhost:50052 found=false value=""
    localhost:50053 found=false value=""
  key user773:
    localhost:50051 found=false value=""
    localhost:50052 found=false value=""
    localhost:50053 found=false value=""
  key user774:
    localhost:50051 found=false value=""
    localhost:50052 found=false value=""
    localhost:50053 found=false value=""
  key user775:
    localhost:50051 found=false value=""
    localhost:50052 found=false value=""
    localhost:50053 found=false value=""
  key user776:
    localhost:50051 found=false value=""
    localhost:50052 found=false value=""
    localhost:50053 found=false value=""
  key user777:
    localhost:50051 found=false value=""
    localhost:50052 found=false value=""
    localhost:50053 found=false value=""
  key user778:
    localhost:50051 found=false value=""
    localhost:50052 found=false value=""
    localhost:50053 found=false value=""
  key user779:
    localhost:50051 found=false value=""
    localhost:50052 found=false value=""
    localhost:50053 found=false value=""
  key user780:
    localhost:50051 found=false value=""
    localhost:50052 found=false value=""
    localhost:50053 found=false value=""
  key user781:
    localhost:50051 found=false value=""
    localhost:50052 found=false value=""
    localhost:50053 found=false value=""
  key user782:
    localhost:50051 found=false value=""
    localhost:50052 found=false value=""
    localhost:50053 found=false value=""
  key user783:
    localhost:50051 found=false value=""
    localhost:50052 found=false value=""
    localhost:50053 found=false value=""
  key user784:
    localhost:50051 found=false value=""
    localhost:50052 found=false value=""
    localhost:50053 found=false value=""
  key user785:
    localhost:50051 found=false value=""
    localhost:50052 found=false value=""
    localhost:50053 found=false value=""
  key user786:
    localhost:50051 found=false value=""
    localhost:50052 found=false value=""
    localhost:50053 found=false value=""
  key user787:
    localhost:50051 found=false value=""
    localhost:50052 found=false value=""
    localhost:50053 found=false value=""
  key user788:
    localhost:50051 found=false value=""
    localhost:50052 found=false value=""
    localhost:50053 found=false value=""
  key user789:
    localhost:50051 found=false value=""
    localhost:50052 found=false value=""
    localhost:50053 found=false value=""
  key user790:
    localhost:50051 found=false value=""
    localhost:50052 found=false value=""
    localhost:50053 found=false value=""
  key user791:
    localhost:50051 found=false value=""
    localhost:50052 found=false value=""
    localhost:50053 found=false value=""
  key user792:
    localhost:50051 found=false value=""
    localhost:50052 found=false value=""
    localhost:50053 found=false value=""
  key user793:
    localhost:50051 found=false value=""
    localhost:50052 found=false value=""
    localhost:50053 found=false value=""
  key user794:
    localhost:50051 found=false value=""
    localhost:50052 found=false value=""
    localhost:50053 found=false value=""
  key user795:
    localhost:50051 found=false value=""
    localhost:50052 found=false value=""
    localhost:50053 found=false value=""
  key user796:
    localhost:50051 found=false value=""
    localhost:50052 found=false value=""
    localhost:50053 found=false value=""
  key user797:
    localhost:50051 found=false value=""
    localhost:50052 found=false value=""
    localhost:50053 found=false value=""
  key user798:
    localhost:50051 found=false value=""
    localhost:50052 found=false value=""
    localhost:50053 found=false value=""
  key user799:
    localhost:50051 found=false value=""
    localhost:50052 found=false value=""
    localhost:50053 found=false value=""
  key user800:
    localhost:50051 found=false value=""
    localhost:50052 found=false value=""
    localhost:50053 found=false value=""
  key user801:
    localhost:50051 found=false value=""
    localhost:50052 found=false value=""
    localhost:50053 found=false value=""
  key user802:
    localhost:50051 found=false value=""
    localhost:50052 found=false value=""
    localhost:50053 found=false value=""
  key user803:
    localhost:50051 found=false value=""
    localhost:50052 found=false value=""
    localhost:50053 found=false value=""
  key user804:
    localhost:50051 found=false value=""
    localhost:50052 found=false value=""
    localhost:50053 found=false value=""
  key user805:
    localhost:50051 found=false value=""
    localhost:50052 found=false value=""
    localhost:50053 found=false value=""
  key user806:
    localhost:50051 found=false value=""
    localhost:50052 found=false value=""
    localhost:50053 found=false value=""
  key user807:
    localhost:50051 found=false value=""
    localhost:50052 found=false value=""
    localhost:50053 found=false value=""
  key user808:
    localhost:50051 found=false value=""
    localhost:50052 found=false value=""
    localhost:50053 found=false value=""
  key user809:
    localhost:50051 found=false value=""
    localhost:50052 found=false value=""
    localhost:50053 found=false value=""
  key user810:
    localhost:50051 found=false value=""
    localhost:50052 found=false value=""
    localhost:50053 found=false value=""
  key user811:
    localhost:50051 found=false value=""
    localhost:50052 found=false value=""
    localhost:50053 found=false value=""
  key user812:
    localhost:50051 found=false value=""
    localhost:50052 found=false value=""
    localhost:50053 found=false value=""
  key user813:
    localhost:50051 found=false value=""
    localhost:50052 found=false value=""
    localhost:50053 found=false value=""
  key user814:
    localhost:50051 found=false value=""
    localhost:50052 found=false value=""
    localhost:50053 found=false value=""
  key user815:
    localhost:50051 found=false value=""
    localhost:50052 found=false value=""
    localhost:50053 found=false value=""
  key user816:
    localhost:50051 found=false value=""
    localhost:50052 found=false value=""
    localhost:50053 found=false value=""
  key user817:
    localhost:50051 found=false value=""
    localhost:50052 found=false value=""
    localhost:50053 found=false value=""
  key user818:
    localhost:50051 found=false value=""
    localhost:50052 found=false value=""
    localhost:50053 found=false value=""
  key user819:
    localhost:50051 found=false value=""
    localhost:50052 found=false value=""
    localhost:50053 found=false value=""
  key user820:
    localhost:50051 found=false value=""
    localhost:50052 found=false value=""
    localhost:50053 found=false value=""
  key user821:
    localhost:50051 found=false value=""
    localhost:50052 found=false value=""
    localhost:50053 found=false value=""
  key user822:
    localhost:50051 found=false value=""
    localhost:50052 found=false value=""
    localhost:50053 found=false value=""
  key user823:
    localhost:50051 found=false value=""
    localhost:50052 found=false value=""
    localhost:50053 found=false value=""
  key user824:
    localhost:50051 found=false value=""
    localhost:50052 found=false value=""
    localhost:50053 found=false value=""
  key user825:
    localhost:50051 found=false value=""
    localhost:50052 found=false value=""
    localhost:50053 found=false value=""
  key user826:
    localhost:50051 found=false value=""
    localhost:50052 found=false value=""
    localhost:50053 found=false value=""
  key user827:
    localhost:50051 found=false value=""
    localhost:50052 found=false value=""
    localhost:50053 found=false value=""
  key user828:
    localhost:50051 found=false value=""
    localhost:50052 found=false value=""
    localhost:50053 found=false value=""
  key user829:
    localhost:50051 found=false value=""
    localhost:50052 found=false value=""
    localhost:50053 found=false value=""
  key user830:
    localhost:50051 found=false value=""
    localhost:50052 found=false value=""
    localhost:50053 found=false value=""
  key user831:
    localhost:50051 found=false value=""
    localhost:50052 found=false value=""
    localhost:50053 found=false value=""
  key user832:
    localhost:50051 found=false value=""
    localhost:50052 found=false value=""
    localhost:50053 found=false value=""
  key user833:
    localhost:50051 found=false value=""
    localhost:50052 found=false value=""
    localhost:50053 found=false value=""
  key user834:
    localhost:50051 found=false value=""
    localhost:50052 found=false value=""
    localhost:50053 found=false value=""
  key user835:
    localhost:50051 found=false value=""
    localhost:50052 found=false value=""
    localhost:50053 found=false value=""
  key user836:
    localhost:50051 found=false value=""
    localhost:50052 found=false value=""
    localhost:50053 found=false value=""
  key user837:
    localhost:50051 found=false value=""
    localhost:50052 found=false value=""
    localhost:50053 found=false value=""
  key user838:
    localhost:50051 found=false value=""
    localhost:50052 found=false value=""
    localhost:50053 found=false value=""
  key user839:
    localhost:50051 found=false value=""
    localhost:50052 found=false value=""
    localhost:50053 found=false value=""
  key user840:
    localhost:50051 found=false value=""
    localhost:50052 found=false value=""
    localhost:50053 found=false value=""
  key user841:
    localhost:50051 found=false value=""
    localhost:50052 found=false value=""
    localhost:50053 found=false value=""
  key user842:
    localhost:50051 found=false value=""
    localhost:50052 found=false value=""
    localhost:50053 found=false value=""
  key user843:
    localhost:50051 found=false value=""
    localhost:50052 found=false value=""
    localhost:50053 found=false value=""
  key user844:
    localhost:50051 found=false value=""
    localhost:50052 found=false value=""
    localhost:50053 found=false value=""
  key user845:
    localhost:50051 found=false value=""
    localhost:50052 found=false value=""
    localhost:50053 found=false value=""
  key user846:
    localhost:50051 found=false value=""
    localhost:50052 found=false value=""
    localhost:50053 found=false value=""
  key user847:
    localhost:50051 found=false value=""
    localhost:50052 found=false value=""
    localhost:50053 found=false value=""
  key user848:
    localhost:50051 found=false value=""
    localhost:50052 found=false value=""
    localhost:50053 found=false value=""
  key user849:
    localhost:50051 found=false value=""
    localhost:50052 found=false value=""
    localhost:50053 found=false value=""
  key user850:
    localhost:50051 found=false value=""
    localhost:50052 found=false value=""
    localhost:50053 found=false value=""
  key user851:
    localhost:50051 found=false value=""
    localhost:50052 found=false value=""
    localhost:50053 found=false value=""
  key user852:
    localhost:50051 found=false value=""
    localhost:50052 found=false value=""
    localhost:50053 found=false value=""
  key user853:
    localhost:50051 found=false value=""
    localhost:50052 found=false value=""
    localhost:50053 found=false value=""
  key user854:
    localhost:50051 found=false value=""
    localhost:50052 found=false value=""
    localhost:50053 found=false value=""
  key user855:
    localhost:50051 found=false value=""
    localhost:50052 found=false value=""
    localhost:50053 found=false value=""
  key user856:
    localhost:50051 found=false value=""
    localhost:50052 found=false value=""
    localhost:50053 found=false value=""
  key user857:
    localhost:50051 found=false value=""
    localhost:50052 found=false value=""
    localhost:50053 found=false value=""
  key user858:
    localhost:50051 found=false value=""
    localhost:50052 found=false value=""
    localhost:50053 found=false value=""
  key user859:
    localhost:50051 found=false value=""
    localhost:50052 found=false value=""
    localhost:50053 found=false value=""
  key user860:
    localhost:50051 found=false value=""
    localhost:50052 found=false value=""
    localhost:50053 found=false value=""
  key user861:
    localhost:50051 found=false value=""
    localhost:50052 found=false value=""
    localhost:50053 found=false value=""
  key user862:
    localhost:50051 found=false value=""
    localhost:50052 found=false value=""
    localhost:50053 found=false value=""
  key user863:
    localhost:50051 found=false value=""
    localhost:50052 found=false value=""
    localhost:50053 found=false value=""
  key user864:
    localhost:50051 found=false value=""
    localhost:50052 found=false value=""
    localhost:50053 found=false value=""
  key user865:
    localhost:50051 found=false value=""
    localhost:50052 found=false value=""
    localhost:50053 found=false value=""
  key user866:
    localhost:50051 found=false value=""
    localhost:50052 found=false value=""
    localhost:50053 found=false value=""
  key user867:
    localhost:50051 found=false value=""
    localhost:50052 found=false value=""
    localhost:50053 found=false value=""
  key user868:
    localhost:50051 found=false value=""
    localhost:50052 found=false value=""
    localhost:50053 found=false value=""
  key user869:
    localhost:50051 found=false value=""
    localhost:50052 found=false value=""
    localhost:50053 found=false value=""
  key user870:
    localhost:50051 found=false value=""
    localhost:50052 found=false value=""
    localhost:50053 found=false value=""
  key user871:
    localhost:50051 found=false value=""
    localhost:50052 found=false value=""
    localhost:50053 found=false value=""
  key user872:
    localhost:50051 found=false value=""
    localhost:50052 found=false value=""
    localhost:50053 found=false value=""
  key user873:
    localhost:50051 found=false value=""
    localhost:50052 found=false value=""
    localhost:50053 found=false value=""
  key user874:
    localhost:50051 found=false value=""
    localhost:50052 found=false value=""
    localhost:50053 found=false value=""
  key user875:
    localhost:50051 found=false value=""
    localhost:50052 found=false value=""
    localhost:50053 found=false value=""
  key user876:
    localhost:50051 found=false value=""
    localhost:50052 found=false value=""
    localhost:50053 found=false value=""
  key user877:
    localhost:50051 found=false value=""
    localhost:50052 found=false value=""
    localhost:50053 found=false value=""
  key user878:
    localhost:50051 found=false value=""
    localhost:50052 found=false value=""
    localhost:50053 found=false value=""
  key user879:
    localhost:50051 found=false value=""
    localhost:50052 found=false value=""
    localhost:50053 found=false value=""
  key user880:
    localhost:50051 found=false value=""
    localhost:50052 found=false value=""
    localhost:50053 found=false value=""
  key user881:
    localhost:50051 found=false value=""
    localhost:50052 found=false value=""
    localhost:50053 found=false value=""
  key user882:
    localhost:50051 found=false value=""
    localhost:50052 found=false value=""
    localhost:50053 found=false value=""
  key user883:
    localhost:50051 found=false value=""
    localhost:50052 found=false value=""
    localhost:50053 found=false value=""
  key user884:
    localhost:50051 found=false value=""
    localhost:50052 found=false value=""
    localhost:50053 found=false value=""
  key user885:
    localhost:50051 found=false value=""
    localhost:50052 found=false value=""
    localhost:50053 found=false value=""
  key user886:
    localhost:50051 found=false value=""
    localhost:50052 found=false value=""
    localhost:50053 found=false value=""
  key user887:
    localhost:50051 found=false value=""
    localhost:50052 found=false value=""
    localhost:50053 found=false value=""
  key user888:
    localhost:50051 found=false value=""
    localhost:50052 found=false value=""
    localhost:50053 found=false value=""
  key user889:
    localhost:50051 found=false value=""
    localhost:50052 found=false value=""
    localhost:50053 found=false value=""
  key user890:
    localhost:50051 found=false value=""
    localhost:50052 found=false value=""
    localhost:50053 found=false value=""
  key user891:
    localhost:50051 found=false value=""
    localhost:50052 found=false value=""
    localhost:50053 found=false value=""
  key user892:
    localhost:50051 found=false value=""
    localhost:50052 found=false value=""
    localhost:50053 found=false value=""
  key user893:
    localhost:50051 found=false value=""
    localhost:50052 found=false value=""
    localhost:50053 found=false value=""
  key user894:
    localhost:50051 found=false value=""
    localhost:50052 found=false value=""
    localhost:50053 found=false value=""
  key user895:
    localhost:50051 found=false value=""
    localhost:50052 found=false value=""
    localhost:50053 found=false value=""
  key user896:
    localhost:50051 found=false value=""
    localhost:50052 found=false value=""
    localhost:50053 found=false value=""
  key user897:
    localhost:50051 found=false value=""
    localhost:50052 found=false value=""
    localhost:50053 found=false value=""
  key user898:
    localhost:50051 found=false value=""
    localhost:50052 found=false value=""
    localhost:50053 found=false value=""
  key user899:
    localhost:50051 found=false value=""
    localhost:50052 found=false value=""
    localhost:50053 found=false value=""
  key user900:
    localhost:50051 found=false value=""
    localhost:50052 found=false value=""
    localhost:50053 found=false value=""
  key user901:
    localhost:50051 found=false value=""
    localhost:50052 found=false value=""
    localhost:50053 found=false value=""
  key user902:
    localhost:50051 found=false value=""
    localhost:50052 found=false value=""
    localhost:50053 found=false value=""
  key user903:
    localhost:50051 found=false value=""
    localhost:50052 found=false value=""
    localhost:50053 found=false value=""
  key user904:
    localhost:50051 found=false value=""
    localhost:50052 found=false value=""
    localhost:50053 found=false value=""
  key user905:
    localhost:50051 found=false value=""
    localhost:50052 found=false value=""
    localhost:50053 found=false value=""
  key user906:
    localhost:50051 found=false value=""
    localhost:50052 found=false value=""
    localhost:50053 found=false value=""
  key user907:
    localhost:50051 found=false value=""
    localhost:50052 found=false value=""
    localhost:50053 found=false value=""
  key user908:
    localhost:50051 found=false value=""
    localhost:50052 found=false value=""
    localhost:50053 found=false value=""
  key user909:
    localhost:50051 found=false value=""
    localhost:50052 found=false value=""
    localhost:50053 found=false value=""
  key user910:
    localhost:50051 found=false value=""
    localhost:50052 found=false value=""
    localhost:50053 found=false value=""
  key user911:
    localhost:50051 found=false value=""
    localhost:50052 found=false value=""
    localhost:50053 found=false value=""
  key user912:
    localhost:50051 found=false value=""
    localhost:50052 found=false value=""
    localhost:50053 found=false value=""
  key user913:
    localhost:50051 found=false value=""
    localhost:50052 found=false value=""
    localhost:50053 found=false value=""
  key user914:
    localhost:50051 found=false value=""
    localhost:50052 found=false value=""
    localhost:50053 found=false value=""
  key user915:
    localhost:50051 found=false value=""
    localhost:50052 found=false value=""
    localhost:50053 found=false value=""
  key user916:
    localhost:50051 found=false value=""
    localhost:50052 found=false value=""
    localhost:50053 found=false value=""
  key user917:
    localhost:50051 found=false value=""
    localhost:50052 found=false value=""
    localhost:50053 found=false value=""
  key user918:
    localhost:50051 found=false value=""
    localhost:50052 found=false value=""
    localhost:50053 found=false value=""
  key user919:
    localhost:50051 found=false value=""
    localhost:50052 found=false value=""
    localhost:50053 found=false value=""
  key user920:
    localhost:50051 found=false value=""
    localhost:50052 found=false value=""
    localhost:50053 found=false value=""
  key user921:
    localhost:50051 found=false value=""
    localhost:50052 found=false value=""
    localhost:50053 found=false value=""
  key user922:
    localhost:50051 found=false value=""
    localhost:50052 found=false value=""
    localhost:50053 found=false value=""
  key user923:
    localhost:50051 found=false value=""
    localhost:50052 found=false value=""
    localhost:50053 found=false value=""
  key user924:
    localhost:50051 found=false value=""
    localhost:50052 found=false value=""
    localhost:50053 found=false value=""
  key user925:
    localhost:50051 found=false value=""
    localhost:50052 found=false value=""
    localhost:50053 found=false value=""
  key user926:
    localhost:50051 found=false value=""
    localhost:50052 found=false value=""
    localhost:50053 found=false value=""
  key user927:
    localhost:50051 found=false value=""
    localhost:50052 found=false value=""
    localhost:50053 found=false value=""
  key user928:
    localhost:50051 found=false value=""
    localhost:50052 found=false value=""
    localhost:50053 found=false value=""
  key user929:
    localhost:50051 found=false value=""
    localhost:50052 found=false value=""
    localhost:50053 found=false value=""
  key user930:
    localhost:50051 found=false value=""
    localhost:50052 found=false value=""
    localhost:50053 found=false value=""
  key user931:
    localhost:50051 found=false value=""
    localhost:50052 found=false value=""
    localhost:50053 found=false value=""
  key user932:
    localhost:50051 found=false value=""
    localhost:50052 found=false value=""
    localhost:50053 found=false value=""
  key user933:
    localhost:50051 found=false value=""
    localhost:50052 found=false value=""
    localhost:50053 found=false value=""
  key user934:
    localhost:50051 found=false value=""
    localhost:50052 found=false value=""
    localhost:50053 found=false value=""
  key user935:
    localhost:50051 found=false value=""
    localhost:50052 found=false value=""
    localhost:50053 found=false value=""
  key user936:
    localhost:50051 found=false value=""
    localhost:50052 found=false value=""
    localhost:50053 found=false value=""
  key user937:
    localhost:50051 found=false value=""
    localhost:50052 found=false value=""
    localhost:50053 found=false value=""
  key user938:
    localhost:50051 found=false value=""
    localhost:50052 found=false value=""
    localhost:50053 found=false value=""
  key user939:
    localhost:50051 found=false value=""
    localhost:50052 found=false value=""
    localhost:50053 found=false value=""
  key user940:
    localhost:50051 found=false value=""
    localhost:50052 found=false value=""
    localhost:50053 found=false value=""
  key user941:
    localhost:50051 found=false value=""
    localhost:50052 found=false value=""
    localhost:50053 found=false value=""
  key user942:
    localhost:50051 found=false value=""
    localhost:50052 found=false value=""
    localhost:50053 found=false value=""
  key user943:
    localhost:50051 found=false value=""
    localhost:50052 found=false value=""
    localhost:50053 found=false value=""
  key user944:
    localhost:50051 found=false value=""
    localhost:50052 found=false value=""
    localhost:50053 found=false value=""
  key user945:
    localhost:50051 found=false value=""
    localhost:50052 found=false value=""
    localhost:50053 found=false value=""
  key user946:
    localhost:50051 found=false value=""
    localhost:50052 found=false value=""
    localhost:50053 found=false value=""
  key user947:
    localhost:50051 found=false value=""
    localhost:50052 found=false value=""
    localhost:50053 found=false value=""
  key user948:
    localhost:50051 found=false value=""
    localhost:50052 found=false value=""
    localhost:50053 found=false value=""
  key user949:
    localhost:50051 found=false value=""
    localhost:50052 found=false value=""
    localhost:50053 found=false value=""
  key user950:
    localhost:50051 found=false value=""
    localhost:50052 found=false value=""
    localhost:50053 found=false value=""
  key user951:
    localhost:50051 found=false value=""
    localhost:50052 found=false value=""
    localhost:50053 found=false value=""
  key user952:
    localhost:50051 found=false value=""
    localhost:50052 found=false value=""
    localhost:50053 found=false value=""
  key user953:
    localhost:50051 found=false value=""
    localhost:50052 found=false value=""
    localhost:50053 found=false value=""
  key user954:
    localhost:50051 found=false value=""
    localhost:50052 found=false value=""
    localhost:50053 found=false value=""
  key user955:
    localhost:50051 found=false value=""
    localhost:50052 found=false value=""
    localhost:50053 found=false value=""
  key user956:
    localhost:50051 found=false value=""
    localhost:50052 found=false value=""
    localhost:50053 found=false value=""
  key user957:
    localhost:50051 found=false value=""
    localhost:50052 found=false value=""
    localhost:50053 found=false value=""
  key user958:
    localhost:50051 found=false value=""
    localhost:50052 found=false value=""
    localhost:50053 found=false value=""
  key user959:
    localhost:50051 found=false value=""
    localhost:50052 found=false value=""
    localhost:50053 found=false value=""
  key user960:
    localhost:50051 found=false value=""
    localhost:50052 found=false value=""
    localhost:50053 found=false value=""
  key user961:
    localhost:50051 found=false value=""
    localhost:50052 found=false value=""
    localhost:50053 found=false value=""
  key user962:
    localhost:50051 found=false value=""
    localhost:50052 found=false value=""
    localhost:50053 found=false value=""
  key user963:
    localhost:50051 found=false value=""
    localhost:50052 found=false value=""
    localhost:50053 found=false value=""
  key user964:
    localhost:50051 found=false value=""
    localhost:50052 found=false value=""
    localhost:50053 found=false value=""
  key user965:
    localhost:50051 found=false value=""
    localhost:50052 found=false value=""
    localhost:50053 found=false value=""
  key user966:
    localhost:50051 found=false value=""
    localhost:50052 found=false value=""
    localhost:50053 found=false value=""
  key user967:
    localhost:50051 found=false value=""
    localhost:50052 found=false value=""
    localhost:50053 found=false value=""
  key user968:
    localhost:50051 found=false value=""
    localhost:50052 found=false value=""
    localhost:50053 found=false value=""
  key user969:
    localhost:50051 found=false value=""
    localhost:50052 found=false value=""
    localhost:50053 found=false value=""
  key user970:
    localhost:50051 found=false value=""
    localhost:50052 found=false value=""
    localhost:50053 found=false value=""
  key user971:
    localhost:50051 found=false value=""
    localhost:50052 found=false value=""
    localhost:50053 found=false value=""
  key user972:
    localhost:50051 found=false value=""
    localhost:50052 found=false value=""
    localhost:50053 found=false value=""
  key user973:
    localhost:50051 found=false value=""
    localhost:50052 found=false value=""
    localhost:50053 found=false value=""
  key user974:
    localhost:50051 found=false value=""
    localhost:50052 found=false value=""
    localhost:50053 found=false value=""
  key user975:
    localhost:50051 found=false value=""
    localhost:50052 found=false value=""
    localhost:50053 found=false value=""
  key user976:
    localhost:50051 found=false value=""
    localhost:50052 found=false value=""
    localhost:50053 found=false value=""
  key user977:
    localhost:50051 found=false value=""
    localhost:50052 found=false value=""
    localhost:50053 found=false value=""
  key user978:
    localhost:50051 found=false value=""
    localhost:50052 found=false value=""
    localhost:50053 found=false value=""
  key user979:
    localhost:50051 found=false value=""
    localhost:50052 found=false value=""
    localhost:50053 found=false value=""
  key user980:
    localhost:50051 found=false value=""
    localhost:50052 found=false value=""
    localhost:50053 found=false value=""
  key user981:
    localhost:50051 found=false value=""
    localhost:50052 found=false value=""
    localhost:50053 found=false value=""
  key user982:
    localhost:50051 found=false value=""
    localhost:50052 found=false value=""
    localhost:50053 found=false value=""
  key user983:
    localhost:50051 found=false value=""
    localhost:50052 found=false value=""
    localhost:50053 found=false value=""
  key user984:
    localhost:50051 found=false value=""
    localhost:50052 found=false value=""
    localhost:50053 found=false value=""
  key user985:
    localhost:50051 found=false value=""
    localhost:50052 found=false value=""
    localhost:50053 found=false value=""
  key user986:
    localhost:50051 found=false value=""
    localhost:50052 found=false value=""
    localhost:50053 found=false value=""
  key user987:
    localhost:50051 found=false value=""
    localhost:50052 found=false value=""
    localhost:50053 found=false value=""
  key user988:
    localhost:50051 found=false value=""
    localhost:50052 found=false value=""
    localhost:50053 found=false value=""
  key user989:
    localhost:50051 found=false value=""
    localhost:50052 found=false value=""
    localhost:50053 found=false value=""
  key user990:
    localhost:50051 found=false value=""
    localhost:50052 found=false value=""
    localhost:50053 found=false value=""
  key user991:
    localhost:50051 found=false value=""
    localhost:50052 found=false value=""
    localhost:50053 found=false value=""
  key user992:
    localhost:50051 found=false value=""
    localhost:50052 found=false value=""
    localhost:50053 found=false value=""
  key user993:
    localhost:50051 found=false value=""
    localhost:50052 found=false value=""
    localhost:50053 found=false value=""
  key user994:
    localhost:50051 found=false value=""
    localhost:50052 found=false value=""
    localhost:50053 found=false value=""
  key user995:
    localhost:50051 found=false value=""
    localhost:50052 found=false value=""
    localhost:50053 found=false value=""
  key user996:
    localhost:50051 found=false value=""
    localhost:50052 found=false value=""
    localhost:50053 found=false value=""
  key user997:
    localhost:50051 found=false value=""
    localhost:50052 found=false value=""
    localhost:50053 found=false value=""
  key user998:
    localhost:50051 found=false value=""
    localhost:50052 found=false value=""
    localhost:50053 found=false value=""
  key user999:
    localhost:50051 found=false value=""
    localhost:50052 found=false value=""
    localhost:50053 found=false value=""
2026/08/25 23:46:20 check failed: nodes did not converge within 10s
